Location,Crossnumber,FemalePlotName,Mother,Cycle,MalePlotName,Father,First_Pollination_Date,Bunch_Harvest_Date,Seed_Extraction_Date,Total_Seeds,Good_Seeds,Number_of_Embryo_Rescued,Embryo_Rescue_Date,Germination_after_2_Weeks_Date,Active_after_2_Weeks,Germination_after_8_Weeks_Date,Active_after_8_Weeks,Days_to_Maturity,Days_in_ripening_shed
Arusha,BT201804_(136492C2/136283),16NM_ITC1455-MchareMlelembo_plot363_r18c16,ITC1455-Mchare Mlelembo,2,16NM_ITC0609-Pahang_plot127_r7c1,ITC0609 Pahang,2018-04-07,2018-09-11,2018-09-27,0,,,,,,,,157,16
Arusha,BT201804_(136513C2/136328),16NM_ITC1455-MchareMlelembo_plot398_r19c20,ITC1455-Mchare Mlelembo,2,16NM_ITC0609-Pahang_plot211_r11c1,ITC0609 Pahang,2018-04-06,2018-09-11,2018-10-08,0,,,,,,,,158,27
Arusha,BT201804_(136514C2/136328),16NM_ITC1455-MchareMlelembo_plot384_r19c6,ITC1455-Mchare Mlelembo,2,16NM_ITC0609-Pahang_plot211_r11c1,ITC0609 Pahang,2018-04-06,2018-09-26,2018-10-10,0,,,,,,,,173,14
Arusha,BT201804_(136642C2/136599),16NM_ITC1455-MchareMlelembo_plot394_r19c16,ITC1455-Mchare Mlelembo,2,16NM_ITC0712-AAcvRose_plot126_r6c1,ITC0712,2018-04-06,2018-10-02,2018-10-11,0,,,,,,,,179,9
Arusha,BT201804_(136650C2/136460),16NM_Huti-white_plot149_r8c20,Huti-white,2,16NM_ITC0712-AAcvRose_plot1_r1c1,ITC0712,2018-04-07,,,,,,,,,,,,
Arusha,NM201804_(136345C2/136328),16NM_ITC1455-MchareMlelembo_plot389_r19c11,ITC1455-Mchare Mlelembo,2,16NM_ITC0609-Pahang_plot211_r11c1,ITC0609 Pahang,2018-04-09,2018-10-02,2018-10-11,0,,,,,,,,176,9
Arusha,NM201804_(136468C2/136357),16NM_ITC1460-IjihuInkundu_plot300_r15c6,ITC1460,2,16NM_ITC0609-Pahang_plot168_r8c1,ITC0609 Pahang,2018-04-12,2018-11-08,2018-11-14,0,3,3,2018-12-05,2019-01-02,1,,,210,6
Arusha,NM201804_(136523C2/136490),16NM_ITC1468-Kahuti_plot44_r3c2,ITC1468,2,16NM_ITC0712-AAcvRose_plot42_r2c1,ITC0712,2018-04-23,,,,,,,,,,,,
Arusha,NM201804_(136664C2/136490),16NM_ITC1455-MchareMlelembo_plot365_r18c14,ITC1455-Mchare Mlelembo,2,16NM_ITC0712-AAcvRose_plot42_r2c1,ITC0712,2018-04-12,2018-11-09,2018-11-14,0,,,,,,,,211,5
Arusha,NM201804_(136697C2/136357),16NM_ITC1468-Kahuti_plot53_r3c11,ITC1468,2,16NM_ITC0609-Pahang_plot168_r8c1,ITC0609 Pahang,2018-04-16,2018-09-11,2018-09-27,0,,,,,,,,148,16
Arusha,NM201804_389,16NM_Huti-white_plot714r34c1,Huti-white,,"",SH3142,2018-04-18,2018-10-22,,,,,,,,,,187,
Arusha,NM201804_396,16NM_Huti-white_plot673r33c1,Huti-white,,"",SH3142,2018-04-23,2018-11-08,2018-11-14,0,,,,,,,,199,6
Arusha,NM201805_(136302C2/136460),16NM_ITC1455-MchareMlelembo_plot368_r18c11,ITC1455-Mchare Mlelembo,2,16NM_ITC0712-AAcvRose_plot1_r1c1,ITC0712,2018-05-09,2018-10-17,,,,,,,,,,161,
Arusha,NM201805_(136316C2/136460),16NM_ITC1460-IjihuInkundu_plot292_r14c3,ITC1460,2,16NM_ITC0712-AAcvRose_plot1_r1c1,ITC0712,2018-05-18,,,,,,,,,,,,
Arusha,NM201805_(136418C2/136460),16NM_ITC1455-MchareMlelembo_plot377_r18c2,ITC1455-Mchare Mlelembo,2,16NM_ITC0712-AAcvRose_plot1_r1c1,ITC0712,2018-05-14,2018-09-26,2018-10-11,0,,,,,,,,135,15
Arusha,NM201805_(136440C2/136460),16NM_ITC1468-Kahuti_plot39_r2c4,ITC1468,2,16NM_ITC0712-AAcvRose_plot1_r1c1,ITC0712,2018-05-09,2018-11-06,2018-11-14,0,,,,,,,,181,8
Arusha,NM201805_(136441C2/136460),16NM_ITC1468-Kahuti_plot64_r4c21,ITC1468,2,16NM_ITC0712-AAcvRose_plot1_r1c1,ITC0712,2018-05-22,,,,,,,,,,,,
Arusha,NM201805_(136456C2/136460),16NM_Huti-white_plot188_r9c20,Huti-white,2,16NM_ITC0712-AAcvRose_plot1_r1c1,ITC0712,2018-05-31,,,,,,,,,,,,
Arusha,NM201805_(136491C2/136460),16NM_ITC1468-Kahuti_plot22_r2c21,ITC1468,2,16NM_ITC0712-AAcvRose_plot1_r1c1,ITC0712,2018-05-22,,,,,,,,,,,,
Arusha,NM201805_(136494C2/136357),16NM_ITC1455-MchareMlelembo_plot399_r19c21,ITC1455-Mchare Mlelembo,2,16NM_ITC0609-Pahang_plot168_r8c1,ITC0609 Pahang,2018-05-22,2018-11-05,2018-11-14,0,,,,,,,,167,9
Arusha,NM201805_(136532C2/136460),16NM_ITC1468-Kahuti_plot20_r1c20,ITC1468,2,16NM_ITC0712-AAcvRose_plot1_r1c1,ITC0712,2018-05-09,,,,,,,,,,,,
Arusha,NM201805_(136532C3/136490),16NM_ITC1468-Kahuti_plot20_r1c20,ITC1468,3,16NM_ITC0712-AAcvRose_plot42_r2c1,ITC0712,2018-05-03,,,,,,,,,,,,
Arusha,NM201805_(136603C2/136357),16NM_ITC1455-MchareMlelembo_plot369_r18c10,ITC1455-Mchare Mlelembo,2,16NM_ITC0609-Pahang_plot168_r8c1,ITC0609 Pahang,2018-05-29,,,,,,,,,,,,
Arusha,NM201805_(136654C2/136460),16NM_ITC1455-MchareMlelembo_plot406_r20c15,ITC1455-Mchare Mlelembo,2,16NM_ITC0712-AAcvRose_plot1_r1c1,ITC0712,2018-05-14,2018-10-02,2018-10-11,0,,,,,,,,141,9
Arusha,NM201805_(136667C2/136357),16NM_ITC1468-Kahuti_plot70_r4c15,ITC1468,2,16NM_ITC0609-Pahang_plot168_r8c1,ITC0609 Pahang,2018-05-22,,,,,,,,,,,,
Arusha,NM201805_(136718C2/136460),16NM_ITC1468-Kahuti_plot38_r2c5,ITC1468,2,16NM_ITC0712-AAcvRose_plot1_r1c1,ITC0712,2018-05-18,2018-11-19,,,,,,,,,,185,
Arusha,NM201805_402,16NM_Huti-white_plot84r4c1,Huti-white,,"",SH3142,2018-05-01,2018-11-08,2018-11-14,0,,,,,,,,191,6
Arusha,NM201805_407,16NM_Huti-white_plot631r31c1,Huti-white,,"",SH3142,2018-05-08,2018-10-22,2018-11-07,0,,,,,,,,167,16
Arusha,NM201805_408,16NM_Huti-white_plot43r3c1,Huti-white,,"",SH3142,2018-05-09,2018-10-22,,,,,,,,,,166,
Arusha,NM201805_410,16NM_Huti-white_plot294r14c1,Huti-white,,"",SH3142,2018-05-09,2018-10-31,2018-11-07,0,,,,,,,,175,7
Arusha,NM201805_411,16NM_Huti-white_plot715r35c1,Huti-white,,"",ITC0249 Calcutta 4,2018-05-09,2018-10-22,2018-11-01,1,1,1,2018-12-05,,,,,166,10
Arusha,NM201805_412,16NM_Huti-white_plot253r13c1,Huti-white,,"",SH3142,2018-05-14,2018-10-22,2018-11-15,1,0,0,2018-11-13,,,,,161,24
Arusha,NM201805_413,16NM_Huti-white_plot462r22c1,Huti-white,,"",SH3142,2018-05-14,2018-10-22,,,,,,,,,,161,
Arusha,NM201805_414,16NM_Huti-white_plot798r38c1,Huti-white,,"",SH3142,2018-05-14,2018-10-22,,,,,,,,,,161,
Arusha,NM201805_421,16NM_Huti-white_plot295r15c1,Huti-white,,"",SH3142,2018-05-17,2018-11-02,,,,,,,,,,169,
Arusha,NM201805_422,16NM_Huti-white_plot587r28c2,Huti-white,,"",ITC0253 Borneo,2018-05-18,2018-12-04,2018-12-13,0,,,,,,,,200,9
Arusha,NM201805_428,16NM_Huti-white_plot126r6c1,Huti-white,,"",SH3142,2018-05-22,2018-11-08,,,,,,,,,,170,
Arusha,NM201805_429,16NM_Huti-white_plot169r9c1,Huti-white,,"",SH3142,2018-05-22,2018-11-08,2018-11-14,0,,,,,,,,170,6
Arusha,NM201805_432,16NM_Huti-white_plot168r8c1,Huti-white,,"",SH3142,2018-05-25,2018-12-04,2018-12-13,0,,,,,,,,193,9
Arusha,NM201805_433,16NM_Huti-white_plot210r10c1,Huti-white,,"",ITC0249 Calcutta 4,2018-05-25,2018-10-31,2018-11-14,0,,,,,,,,159,14
Arusha,NM201805_436,16NM_Huti-white_plot629r30c2,Huti-white,,"",SH3142,2018-05-25,2018-10-31,2018-11-07,0,,,,,,,,159,7
Arusha,NM201805_438,16NM_Huti-white_plot251r12c2,Huti-white,,"",SH3142,2018-05-30,2018-10-31,2018-11-14,0,,,,,,,,154,14
Arusha,NM201805_451,16NM_Huti-white_plot547r27c1,Huti-white,,"",ITC0249 Calcutta 4,2018-05-06,2018-10-22,,,,,,,,,,169,
Arusha,NM201805_453,16NM_Huti-white_plot588r28c1,Huti-white,,"",SH3142,2018-05-08,2018-11-19,2018-11-30,0,,,,,,,,195,11
Arusha,NM201805_455,16NM_Huti-white_plot211r11c1,Huti-white,,"",SH3142,2018-05-13,2018-11-08,2018-11-14,0,,,,,,,,179,6
Arusha,NM201806_(136314C2/136357),16NM_ITC1455-MchareMlelembo_plot434_r21c14,ITC1455-Mchare Mlelembo,2,16NM_ITC0609-Pahang_plot168_r8c1,ITC0609 Pahang,2018-06-29,2018-11-21,2018-12-13,0,,,,,,,,145,22
Arusha,NM201806_(136351C2/136460),16NM_MchareLaini_plot273_r13c21,Mchare Laini,2,16NM_ITC0712-AAcvRose_plot1_r1c1,ITC0712,2018-06-12,,,,,,,,,,,,
Arusha,NM201806_(136378C2/136653),16NM_ITC1468-Kahuti_plot23_r2c20,ITC1468,2,16NM_ITC0609-Pahang_plot210_r10c1,ITC0609 Pahang,2018-06-22,,,,,,,,,,,,
Arusha,NM201806_(136380C2/136357),16NM_ITC1455-MchareMlelembo_plot364_r18c15,ITC1455-Mchare Mlelembo,2,16NM_ITC0609-Pahang_plot168_r8c1,ITC0609 Pahang,2018-06-06,,,,,,,,,,,,
Arusha,NM201806_(136518C2/136510),16NM_ITC1468-Kahuti_plot18_r1c18,ITC1468,2,16NM_ITC0609-Pahang_plot169_r9c1,ITC0609 Pahang,2018-06-26,,,,,,,,,,,,
Arusha,NM201806_(136523C3/136460),16NM_ITC1468-Kahuti_plot44_r3c2,ITC1468,3,16NM_ITC0712-AAcvRose_plot1_r1c1,ITC0712,2018-06-12,,,,,,,,,,,,
Arusha,NM201806_(136567C2/136510),16NM_ITC1468-Kahuti_plot17_r1c17,ITC1468,2,16NM_ITC0609-Pahang_plot169_r9c1,ITC0609 Pahang,2018-06-26,,,,,,,,,,,,
Arusha,NM201806_(136634C2/136599),16NM_ITC1455-MchareMlelembo_plot414_r20c7,ITC1455-Mchare Mlelembo,2,16NM_ITC0712-AAcvRose_plot126_r6c1,ITC0712,2018-06-26,,,,,,,,,,,,
Arusha,NM201806_442,16NM_Huti-white_plot86r5c2,Huti-white,,"",SH3142,2018-06-01,2018-11-08,2018-11-14,0,,,,,,,,160,6
Arusha,NM201806_443,16NM_Huti-white_plot546r26c1,Huti-white,,"",SH3142,2018-06-01,2018-10-29,2018-11-14,0,,,,,,,,150,16
Arusha,NM201806_447,16NM_Huti-white_plot337r17c1,Huti-white,,"",SH3142,2018-06-04,2018-11-19,2018-11-30,2,2,2,2018-12-05,,,,,168,11
Arusha,NM201806_448,16NM_Huti-white_plot504r24c1,Huti-white,,"",SH3142,2018-06-04,2018-11-08,2018-11-16,2,2,2,2018-12-05,,,,,157,8
Arusha,NM201806_450,16NM_Huti-white_plot548r27c2,Huti-white,,"",ITC0712 Cv Rose,2018-06-05,2018-11-19,2018-11-30,12,8,8,2018-12-05,2019-01-02,3,,,167,11
Arusha,NM201806_456,16NM_Huti-white_plot422r21c2,Huti-white,,"",SH3142,2018-06-18,2018-12-04,2018-12-13,12,3,3,2019-01-11,,,,,169,9
Arusha,NM201806_461,16NM_Huti-white_plot41r2c2,Huti-white,,"",SH3142,2018-06-20,2018-11-08,2018-11-14,0,,,,,,,,141,6
Arusha,NM201806_462,16NM_Huti-white_plot335r16c2,Huti-white,,"",ITC0249 Calcutta 4,2018-06-20,2018-12-07,2018-12-13,20,14,14,2019-01-11,2019-01-28,2,,,170,6
Arusha,NM201806_468,16NM_Huti-white_plot756r36c1,Huti-white,,"",SH3142,2018-06-22,2018-12-04,2018-12-13,0,,,,,,,,165,9
Arusha,NM201806_469,16NM_Huti-white_plot336r16c1,Huti-white,,"",SH3142,2018-06-22,2019-01-03,2019-01-09,2,1,1,2019-01-11,,,,,195,6
Arusha,NM201806_470,16NM_Huti-white_plot630r30c1,Huti-white,,"",SH3142,2018-06-26,2018-12-12,2018-12-20,2,,,,,,,,169,8
Arusha,NM201806_471,16NM_Huti-white_plot671r32c2,Huti-white,,"",SH3142,2018-06-26,2019-01-02,2019-01-09,2,1,1,2019-01-11,,,,,190,7
Arusha,NM201806_472,16NM_Huti-white_plot545r26c2,Huti-white,,"",SH3142,2018-06-26,2018-12-12,2018-12-20,3,,,,,,,,169,8
Arusha,NM201806_473,16NM_Huti-white_plot757r37c1,Huti-white,,"",ITC0249 Calcutta 4,2018-06-26,2018-12-04,2018-12-13,3,2,2,2019-01-11,,,,,161,9
Arusha,NM201806_474,16NM_Huti-white_plot85r5c1,Huti-white,,"",SH3142,2018-06-29,2018-12-03,2018-12-13,0,,,,,,,,157,10
Arusha,NM201806_475,16NM_Huti-white_plot254r13c2,Huti-white,,"",SH3142,2018-06-29,,,,,,,,,,,,
Arusha,NM201806_476,16NM_Huti-white_plot419r20c2,Huti-white,,"",SH3142,2018-06-29,,,,,,,,,,,,
Arusha,NM201807_(136331C2/136460),16NM_ITC1455-MchareMlelembo_plot431_r21c11,ITC1455-Mchare Mlelembo,2,16NM_ITC0712-AAcvRose_plot1_r1c1,ITC0712,2018-07-10,,,,,,,,,,,,
Arusha,NM201807_(136360C2/136357),16NM_ITC1468-Kahuti_plot14_r1c14,ITC1468,2,16NM_ITC0609-Pahang_plot168_r8c1,ITC0609 Pahang,2018-07-31,2018-12-10,2019-01-02,0,,,,,,,,132,23
Arusha,NM201807_(136388C2/136357),16NM_ITC1468-Kahuti_plot8_r1c8,ITC1468,2,16NM_ITC0609-Pahang_plot168_r8c1,ITC0609 Pahang,2018-07-05,,,,,,,,,,,,
Arusha,NM201807_(136478C2/136357),16NM_MchareLaini_plot254_r13c2,Mchare Laini,2,16NM_ITC0609-Pahang_plot168_r8c1,ITC0609 Pahang,2018-07-20,2019-01-12,2019-01-21,6,5,5,2019-01-28,,,,,176,9
Arusha,NM201807_(136534C2/136357),16NM_MchareLaini_plot231_r11c21,Mchare Laini,2,16NM_ITC0609-Pahang_plot168_r8c1,ITC0609 Pahang,2018-07-04,,,,,,,,,,,,
Arusha,NM201807_(136619C2/136460),16NM_ITC1468-Kahuti_plot26_r2c17,ITC1468,2,16NM_ITC0712-AAcvRose_plot1_r1c1,ITC0712,2018-07-30,2018-12-10,2019-01-02,5,2,2,2019-01-11,,,,,133,23
Arusha,NM201807_(136620C2/136357),16NM_MchareLaini_plot227_r11c17,Mchare Laini,2,16NM_ITC0609-Pahang_plot168_r8c1,ITC0609 Pahang,2018-07-17,,,,,,,,,,,,
Arusha,NM201807_(136632C2/136357),16NM_ITC1460-IjihuInkundu_plot277_r14c18,ITC1460,2,16NM_ITC0609-Pahang_plot168_r8c1,ITC0609 Pahang,2018-07-17,,,,,,,,,,,,
Arusha,NM201807_(136661C2/136460),16NM_ITC1468-Kahuti_plot19_r1c19,ITC1468,2,16NM_ITC0712-AAcvRose_plot1_r1c1,ITC0712,2018-07-17,2018-12-11,2019-01-02,0,,,,,,,,147,22
Arusha,NM201807_(136670C2/136460),16NM_Huti-white_plot166_r8c3,Huti-white,2,16NM_ITC0712-AAcvRose_plot1_r1c1,ITC0712,2018-07-04,2019-01-09,2019-01-15,3,2,2,2019-01-28,,,,,189,6
Arusha,NM201807_(136673C2/136460),16NM_ITC1468-Kahuti_plot30_r2c13,ITC1468,2,16NM_ITC0712-AAcvRose_plot1_r1c1,ITC0712,2018-07-25,2018-12-10,2019-01-02,0,,,,,,,,138,23
Arusha,NM201807_(136675C2/136357),16NM_ITC1455-MchareMlelembo_plot403_r20c18,ITC1455-Mchare Mlelembo,2,16NM_ITC0609-Pahang_plot168_r8c1,ITC0609 Pahang,2018-07-24,,,,,,,,,,,,
Arusha,NM201807_(136713C2/136357),16NM_ITC1468-Kahuti_plot9_r1c9,ITC1468,2,16NM_ITC0609-Pahang_plot168_r8c1,ITC0609 Pahang,2018-07-25,,,,,,,,,,,,
Arusha,NM201807_477,16NM_Huti-white_plot632r31c2,Huti-white,,"",SH3142,2018-07-03,2019-01-02,2019-01-09,6,2,2,2019-01-11,,,,,183,7
Arusha,NM201807_483,16NM_Huti-white_plot380r19c2,Huti-white,,"",SH3142,2018-07-06,2018-12-04,2018-12-13,5,2,2,2019-01-11,2019-01-28,1,,,151,9
Arusha,NM201807_484,16NM_Huti-white_plot125r6c2,Huti-white,,"",SH3142,2018-07-09,2019-01-02,2019-01-09,6,2,2,2019-01-11,,,,,177,7
Arusha,NM201807_485,16NM_Huti-white_plot503r24c2,Huti-white,,"",SH3142,2018-07-09,2019-01-02,2019-01-09,2,,,,,,,,177,7
Arusha,NM201807_486,16NM_Huti-white_plot799r39c1,Huti-white,,"",SH3142,2018-07-09,2018-12-24,,,,,,,,,,168,
Arusha,NM201807_490,16NM_Huti-white_plot83r4c2,Huti-white,,"",SH3142,2018-07-12,2019-01-21,,,,,,,,,,193,
Arusha,NM201807_491,16NM_Huti-white_plot44r3c2,Huti-white,,"",SH3142,2018-07-12,2018-12-31,2019-01-15,0,,,,,,,,172,15
Arusha,NM201807_495,16NM_Huti-white_plot127r7c1,Huti-white,,"",ITC0249 Calcutta 4,2018-07-16,,,,,,,,,,,,
Arusha,NM201807_496,16NM_Huti-white_plot420r20c1,Huti-white,,"",ITC0249 Calcutta 4,2018-07-16,2019-01-02,,,,,,,,,,170,
Arusha,NM201807_498,16NM_Huti-white_plot506r25c2,Huti-white,,"",SH3142,2018-07-17,2019-01-02,2019-01-15,6,5,5,2019-01-28,,,,,169,13
Arusha,NM201807_500,16NM_Huti-white_plot128r7c2,Huti-white,,"",ITC0253 Borneo,2018-07-20,,,,,,,,,,,,
Arusha,NM201807_503,16NM_Huti-white_plot296r15c2,Huti-white,,"",SH3142,2018-07-20,2019-01-02,,,,,,,,,,166,
Arusha,NM201807_505,16NM_Huti-white_plot421r21c1,Huti-white,,"",ITC0249 Calcutta 4,2018-07-26,2018-12-24,,,,,,,,,,151,
Arusha,NM201807_507,16NM_Huti-white_plot378r18c1,Huti-white,,"",SH3142,2018-07-30,,,,,,,,,,,,
Arusha,NM201807_508,16NM_Huti-white_plot464r23c2,Huti-white,,"",SH3142,2018-07-30,,,,,,,,,,,,
Arusha,NM201808_(136454C2/136490),16NM_ITC1455-MchareMlelembo_plot370_r18c9,ITC1455-Mchare Mlelembo,2,16NM_ITC0712-AAcvRose_plot42_r2c1,ITC0712,2018-08-16,,,,,,,,,,,,
Arusha,NM201808_(136454C2/136706),16NM_ITC1455-MchareMlelembo_plot370_r18c9,ITC1455-Mchare Mlelembo,2,16NM_ITC0712-AAcvRose_plot85_r5c1,ITC0712,2018-08-16,2019-01-23,2019-01-30,0,,,,,,,,160,7
Arusha,NM201808_(136497C2/136460),16NM_ITC1468-Kahuti_plot6_r1c6,ITC1468,2,16NM_ITC0712-AAcvRose_plot1_r1c1,ITC0712,2018-08-10,2018-12-31,2019-01-15,0,,,,,,,,143,15
Arusha,NM201808_(136540C2/136510),16NM_ITC1455-MchareMlelembo_plot441_r21c21,ITC1455-Mchare Mlelembo,2,16NM_ITC0609-Pahang_plot169_r9c1,ITC0609 Pahang,2018-08-03,,,,,,,,,,,,
Arusha,NM201808_(136540C3/136653),16NM_ITC1455-MchareMlelembo_plot441_r21c21,ITC1455-Mchare Mlelembo,3,16NM_ITC0609-Pahang_plot210_r10c1,ITC0609 Pahang,2018-08-07,,,,,,,,,,,,
Arusha,NM201808_(136571C2/136510),16NM_ITC1455-MchareMlelembo_plot401_r20c20,ITC1455-Mchare Mlelembo,2,16NM_ITC0609-Pahang_plot169_r9c1,ITC0609 Pahang,2018-08-10,,,,,,,,,,,,
Arusha,NM201808_(136601C2/136328),16NM_ITC1455-MchareMlelembo_plot426_r21c6,ITC1455-Mchare Mlelembo,2,16NM_ITC0609-Pahang_plot211_r11c1,ITC0609 Pahang,2018-08-16,,,,,,,,,,,,
Arusha,NM201808_(136601C2/136706),16NM_ITC1455-MchareMlelembo_plot426_r21c6,ITC1455-Mchare Mlelembo,2,16NM_ITC0712-AAcvRose_plot85_r5c1,ITC0712,2018-08-16,,,,,,,,,,,,
Arusha,NM201808_517,16NM_Huti-white_plot170r9c2,Huti-white,,"",SH3142,2018-08-06,2019-01-15,,,,,,,,,,162,
Arusha,NM201808_521,16NM_Huti-white_plot212r11c2,Huti-white,,"",SH3142,2018-08-10,2019-01-15,2019-01-25,7,,,,,,,,158,10
Arusha,NM201808_522,16NM_Huti-white_plot377r18c2,Huti-white,,"",SH3142,2018-08-10,2019-01-02,2019-01-09,2,1,1,2019-01-11,,,,,145,7
Arusha,NM201808_530,16NM_Huti-white_plot1r1c1,Huti-white,,"",SH3142,2018-08-20,2019-01-02,2019-01-25,12,7,7,2019-01-28,,,,,135,23
Arusha,NM201808_531,16NM_Huti-white_plot461r22c2,Huti-white,,"",SH3142,2018-08-20,2019-01-12,2019-01-21,12,,,,,,,,145,9
Arusha,NM201809_(136293C2/136357),16NM_ITC1468-Kahuti_plot16_r1c16,ITC1468,2,16NM_ITC0609-Pahang_plot168_r8c1,ITC0609 Pahang,2018-09-11,,,,,,,,,,,,
Arusha,NM201809_(136301C2/136295),16NM_ITC1455-MchareMlelembo_plot424_r21c4,ITC1455-Mchare Mlelembo,2,16NM_ITC0712-AAcvRose_plot84_r4c1,ITC0712,2018-09-28,,,,,,,,,,,,
Arusha,NM201809_(136330C2/136283),16NM_ITC1468-Kahuti_plot15_r1c15,ITC1468,2,16NM_ITC0609-Pahang_plot127_r7c1,ITC0609 Pahang,2018-09-19,,,,,,,,,,,,
Arusha,NM201809_(136371C2/136328),16NM_ITC1455-MchareMlelembo_plot412_r20c9,ITC1455-Mchare Mlelembo,2,16NM_ITC0609-Pahang_plot211_r11c1,ITC0609 Pahang,2018-09-12,2019-01-15,2019-01-25,3,,,,,,,,125,10
Arusha,NM201809_(136395C2/136460),16NM_ITC1468-Kahuti_plot5_r1c5,ITC1468,2,16NM_ITC0712-AAcvRose_plot1_r1c1,ITC0712,2018-09-10,,,,,,,,,,,,
Arusha,NM201809_(136417C2/136328),16NM_ITC1455-MchareMlelembo_plot430_r21c10,ITC1455-Mchare Mlelembo,2,16NM_ITC0609-Pahang_plot211_r11c1,ITC0609 Pahang,2018-09-12,2018-12-19,,,,,,,,,,98,
Arusha,NM201809_(136423C2/136653),16NM_ITC1455-MchareMlelembo_plot415_r20c6,ITC1455-Mchare Mlelembo,2,16NM_ITC0609-Pahang_plot210_r10c1,ITC0609 Pahang,2018-09-04,2018-12-03,,,,,,,,,,90,
Arusha,NM201809_(136443C2/136510),16NM_ITC1455-MchareMlelembo_plot417_r20c4,ITC1455-Mchare Mlelembo,2,16NM_ITC0609-Pahang_plot169_r9c1,ITC0609 Pahang,2018-09-27,,,,,,,,,,,,
Arusha,NM201809_(136444C2/136295),16NM_ITC1468-Kahuti_plot12_r1c12,ITC1468,2,16NM_ITC0712-AAcvRose_plot84_r4c1,ITC0712,2018-09-28,,,,,,,,,,,,
Arusha,NM201809_(136458C2/136510),16NM_ITC1455-MchareMlelembo_plot402_r20c19,ITC1455-Mchare Mlelembo,2,16NM_ITC0609-Pahang_plot169_r9c1,ITC0609 Pahang,2018-09-21,,,,,,,,,,,,
Arusha,NM201809_(136463C2/136490),16NM_ITC1455-MchareMlelembo_plot416_r20c5,ITC1455-Mchare Mlelembo,2,16NM_ITC0712-AAcvRose_plot42_r2c1,ITC0712,2018-09-04,,,,,,,,,,,,
Arusha,NM201809_(136487C2/136510),16NM_MchareLaini_plot269_r13c17,Mchare Laini,2,16NM_ITC0609-Pahang_plot169_r9c1,ITC0609 Pahang,2018-09-12,2019-01-23,2019-01-30,0,,,,,,,,133,7
Arusha,NM201809_(136506C2/136599),16NM_ITC1460-IjihuInkundu_plot317_r16c20,ITC1460,2,16NM_ITC0712-AAcvRose_plot126_r6c1,ITC0712,2018-09-12,,,,,,,,,,,,
Arusha,NM201809_(136525C2/136357),16NM_MchareLaini_plot272_r13c20,Mchare Laini,2,16NM_ITC0609-Pahang_plot168_r8c1,ITC0609 Pahang,2018-09-28,2019-02-07,,,,,,,,,,132,
Arusha,NM201809_(136617C2/136460),16NM_ITC1468-Kahuti_plot7_r1c7,ITC1468,2,16NM_ITC0712-AAcvRose_plot1_r1c1,ITC0712,2018-09-25,,,,,,,,,,,,
Arusha,NM201809_(136622C2/136510),16NM_ITC1468-Kahuti_plot99_r5c15,ITC1468,2,16NM_ITC0609-Pahang_plot169_r9c1,ITC0609 Pahang,2018-09-27,,,,,,,,,,,,
Arusha,NM201809_(136636C2/136706),16NM_ITC1468-Kahuti_plot10_r1c10,ITC1468,2,16NM_ITC0712-AAcvRose_plot85_r5c1,ITC0712,2018-09-14,,,,,,,,,,,,
Arusha,NM201809_(136686C2/136510),16NM_MchareLaini_plot192_r10c19,Mchare Laini,2,16NM_ITC0609-Pahang_plot169_r9c1,ITC0609 Pahang,2018-09-26,,,,,,,,,,,,
Arusha,NM201809_(136689C2/136295),16NM_ITC1468-Kahuti_plot59_r3c17,ITC1468,2,16NM_ITC0712-AAcvRose_plot84_r4c1,ITC0712,2018-09-19,2019-01-23,2019-01-30,0,,,,,,,,126,7
Arusha,NM201809_(153086C1/161582),16NM_Huti-white_plot209r10c2,Huti-white,1,Males_ITCO712_Cv_Rose_r2c1_plot22,ITC0712 Cv Rose,2018-09-25,,,,,,,,,,,,
Arusha,NM201809_538,16NM_Huti-white_plot2r1c2,Huti-white,,"",ITC0609 Pahang,2018-09-03,,,,,,,,,,,,
Arusha,NM201809_552,16NM_Huti-white_plot209r10c2,Huti-white,,"",ITC0712 Cv Rose,2018-09-24,,,,,,,,,,,,
Arusha,NM201809_553,16NM_Huti-white_plot338r17c2,Huti-white,,"",ITC0253 Borneo,2018-09-24,,,,,,,,,,,,
Arusha,NM201810_(136294C2/161548),16NM_ITC1468-Kahuti_plot55_r3c13,ITC1468,2,Males_ITC0609_Pahang_r1c11_plot19,ITC0609 Pahang,2018-10-03,,,,,,,,,,,,
Arusha,NM201810_(136300C2/136460),16NM_ITC1468-Kahuti_plot57_r3c15,ITC1468,2,16NM_ITC0712-AAcvRose_plot1_r1c1,ITC0712,2018-10-01,,,,,,,,,,,,
Arusha,NM201810_(136301C2/136653),16NM_ITC1455-MchareMlelembo_plot424_r21c4,ITC1455-Mchare Mlelembo,2,16NM_ITC0609-Pahang_plot210_r10c1,ITC0609 Pahang,2018-09-29,,,,,,,,,,,,
Arusha,NM201810_(136309C2/136460),16NM_ITC1468-Kahuti_plot31_r2c12,ITC1468,2,16NM_ITC0712-AAcvRose_plot1_r1c1,ITC0712,2018-10-08,2019-01-23,,,,,,,,,,107,
Arusha,NM201810_(136311C2/136510),16NM_ITC1468-Kahuti_plot11_r1c11,ITC1468,2,16NM_ITC0609-Pahang_plot169_r9c1,ITC0609 Pahang,2018-10-02,2019-02-07,,,,,,,,,,128,
Arusha,NM201810_(136316C2/136460),16NM_ITC1460-IjihuInkundu_plot292_r14c3,ITC1460,2,16NM_ITC0712-AAcvRose_plot1_r1c1,ITC0712,2018-10-09,,,,,,,,,,,,
Arusha,NM201810_(136319C2/136357),16NM_ITC1468-Kahuti_plot29_r2c14,ITC1468,2,16NM_ITC0609-Pahang_plot168_r8c1,ITC0609 Pahang,2018-10-19,,,,,,,,,,,,
Arusha,NM201810_(136325C2/136460),16NM_ITC1455-MchareMlelembo_plot429_r21c9,ITC1455-Mchare Mlelembo,2,16NM_ITC0712-AAcvRose_plot1_r1c1,ITC0712,2018-10-26,,,,,,,,,,,,
Arusha,NM201810_(136327C2/136490),16NM_ITC1468-Kahuti_plot58_r3c16,ITC1468,2,16NM_ITC0712-AAcvRose_plot42_r2c1,ITC0712,2018-10-16,2019-02-13,,,,,,,,,,120,
Arusha,NM201810_(136376C2/136460),16NM_ITC1460-IjihuInkundu_plot307_r15c13,ITC1460,2,16NM_ITC0712-AAcvRose_plot1_r1c1,ITC0712,2018-10-03,2019-01-23,,,,,,,,,,112,
Arusha,NM201810_(136381C2/136357),16NM_ITC1468-Kahuti_plot96_r5c12,ITC1468,2,16NM_ITC0609-Pahang_plot168_r8c1,ITC0609 Pahang,2018-10-16,,,,,,,,,,,,
Arusha,NM201810_(136432C2/136357),16NM_ITC1455-MchareMlelembo_plot438_r21c18,ITC1455-Mchare Mlelembo,2,16NM_ITC0609-Pahang_plot168_r8c1,ITC0609 Pahang,2018-10-16,,,,,,,,,,,,
Arusha,NM201810_(136442C2/136510),16NM_ITC1468-Kahuti_plot97_r5c13,ITC1468,2,16NM_ITC0609-Pahang_plot169_r9c1,ITC0609 Pahang,2018-10-01,,,,,,,,,,,,
Arusha,NM201810_(136444C2/136460),16NM_ITC1468-Kahuti_plot12_r1c12,ITC1468,2,16NM_ITC0712-AAcvRose_plot1_r1c1,ITC0712,2018-10-03,,,,,,,,,,,,
Arusha,NM201810_(136451C2/136510),16NM_ITC1455-MchareMlelembo_plot405_r20c16,ITC1455-Mchare Mlelembo,2,16NM_ITC0609-Pahang_plot169_r9c1,ITC0609 Pahang,2018-10-02,,,,,,,,,,,,
Arusha,NM201810_(136464C2/136295),16NM_ITC1460-IjihuInkundu_plot338_r17c2,ITC1460,2,16NM_ITC0712-AAcvRose_plot84_r4c1,ITC0712,2018-10-17,,,,,,,,,,,,
Arusha,NM201810_(136473C2/136460),16NM_ITC1468-Kahuti_plot83_r4c2,ITC1468,2,16NM_ITC0712-AAcvRose_plot1_r1c1,ITC0712,2018-10-08,,,,,,,,,,,,
Arusha,NM201810_(136482C2/136510),16NM_ITC1460-IjihuInkundu_plot328_r16c9,ITC1460,2,16NM_ITC0609-Pahang_plot169_r9c1,ITC0609 Pahang,2018-10-26,,,,,,,,,,,,
Arusha,NM201810_(136493C2/136460),16NM_ITC1468-Kahuti_plot46_r3c4,ITC1468,2,16NM_ITC0712-AAcvRose_plot1_r1c1,ITC0712,2018-10-04,,,,,,,,,,,,
Arusha,NM201810_(136496C2/136460),16NM_ITC1460-IjihuInkundu_plot301_r15c7,ITC1460,2,16NM_ITC0712-AAcvRose_plot1_r1c1,ITC0712,2018-10-29,,,,,,,,,,,,
Arusha,NM201810_(136498C2/136460),16NM_ITC1455-MchareMlelembo_plot436_r21c16,ITC1455-Mchare Mlelembo,2,16NM_ITC0712-AAcvRose_plot1_r1c1,ITC0712,2018-10-08,2019-01-29,,,,,,,,,,113,
Arusha,NM201810_(136507C2/161548),16NM_ITC1460-IjihuInkundu_plot296_r15c2,ITC1460,2,Males_ITC0609_Pahang_r1c11_plot19,ITC0609 Pahang,2018-10-08,2019-01-24,2019-01-31,105,,,,,,,,108,7
Arusha,NM201810_(136516C2/136460),16NM_ITC1455-MchareMlelembo_plot407_r20c14,ITC1455-Mchare Mlelembo,2,16NM_ITC0712-AAcvRose_plot1_r1c1,ITC0712,2018-10-08,2019-02-01,,,,,,,,,,116,
Arusha,NM201810_(136521C2/136460),16NM_Huti-white_plot125_r6c2,Huti-white,2,16NM_ITC0712-AAcvRose_plot1_r1c1,ITC0712,2018-10-29,,,,,,,,,,,,
Arusha,NM201810_(136545C2/136460),16NM_ITC1460-IjihuInkundu_plot349_r17c13,ITC1460,2,16NM_ITC0712-AAcvRose_plot1_r1c1,ITC0712,2018-10-22,,,,,,,,,,,,
Arusha,NM201810_(136545C3/136460),16NM_ITC1460-IjihuInkundu_plot349_r17c13,ITC1460,3,16NM_ITC0712-AAcvRose_plot1_r1c1,ITC0712,2018-10-26,,,,,,,,,,,,
Arusha,NM201810_(136564C2/136460),16NM_ITC1460-IjihuInkundu_plot289_r14c6,ITC1460,2,16NM_ITC0712-AAcvRose_plot1_r1c1,ITC0712,2018-10-03,,,,,,,,,,,,
Arusha,NM201810_(136573C2/136510),16NM_ITC1468-Kahuti_plot82_r4c3,ITC1468,2,16NM_ITC0609-Pahang_plot169_r9c1,ITC0609 Pahang,2018-10-29,2019-02-07,,,,,,,,,,101,
Arusha,NM201810_(136582C2/136460),16NM_ITC1468-Kahuti_plot69_r4c16,ITC1468,2,16NM_ITC0712-AAcvRose_plot1_r1c1,ITC0712,2018-10-02,,,,,,,,,,,,
Arusha,NM201810_(136588C2/136460),16NM_Huti-white_plot187_r9c19,Huti-white,2,16NM_ITC0712-AAcvRose_plot1_r1c1,ITC0712,2018-10-12,,,,,,,,,,,,
Arusha,NM201810_(136589C2/136706),16NM_ITC1455-MchareMlelembo_plot404_r20c17,ITC1455-Mchare Mlelembo,2,16NM_ITC0712-AAcvRose_plot85_r5c1,ITC0712,2018-10-24,,,,,,,,,,,,
Arusha,NM201810_(136609C2/161424),16NM_MchareLaini_plot216_r11c6,Mchare Laini,2,Males_ITC0609_Pahang_r1c11_plot20,ITC0609 Pahang,2018-10-03,,,,,,,,,,,,
Arusha,NM201810_(136623C2/136510),16NM_ITC1468-Kahuti_plot72_r4c13,ITC1468,2,16NM_ITC0609-Pahang_plot169_r9c1,ITC0609 Pahang,2018-10-29,,,,,,,,,,,,
Arusha,NM201810_(136663C2/136460),16NM_ITC1468-Kahuti_plot54_r3c12,ITC1468,2,16NM_ITC0712-AAcvRose_plot1_r1c1,ITC0712,2018-10-02,,,,,,,,,,,,
Arusha,NM201810_(136668C2/136295),16NM_ITC1460-IjihuInkundu_plot322_r16c15,ITC1460,2,16NM_ITC0712-AAcvRose_plot84_r4c1,ITC0712,2018-10-19,,,,,,,,,,,,
Arusha,NM201810_(136669C2/136357),16NM_ITC1460-IjihuInkundu_plot353_r17c17,ITC1460,2,16NM_ITC0609-Pahang_plot168_r8c1,ITC0609 Pahang,2018-10-18,,,,,,,,,,,,
Arusha,NM201810_(136679C2/136653),16NM_ITC1460-IjihuInkundu_plot310_r15c16,ITC1460,2,16NM_ITC0609-Pahang_plot210_r10c1,ITC0609 Pahang,2018-10-24,2019-01-24,2019-01-31,32,,,,,,,,92,7
Arusha,NM201810_(136680C2/136295),16NM_ITC1460-IjihuInkundu_plot283_r14c12,ITC1460,2,16NM_ITC0712-AAcvRose_plot84_r4c1,ITC0712,2018-10-19,,,,,,,,,,,,
Arusha,NM201810_(136694C2/136510),16NM_Huti-white_plot130_r7c4,Huti-white,2,16NM_ITC0609-Pahang_plot169_r9c1,ITC0609 Pahang,2018-10-26,,,,,,,,,,,,
Arusha,NM201810_(136700C2/136357),16NM_ITC1460-IjihuInkundu_plot354_r17c18,ITC1460,2,16NM_ITC0609-Pahang_plot168_r8c1,ITC0609 Pahang,2018-10-18,,,,,,,,,,,,
Arusha,NM201810_(136703C2/136510),16NM_ITC1468-Kahuti_plot13_r1c13,ITC1468,2,16NM_ITC0609-Pahang_plot169_r9c1,ITC0609 Pahang,2018-10-01,,,,,,,,,,,,
Arusha,NM201810_(136716C2/161548),16NM_ITC1455-MchareMlelembo_plot408_r20c13,ITC1455-Mchare Mlelembo,2,Males_ITC0609_Pahang_r1c11_plot19,ITC0609 Pahang,2018-10-08,2019-02-01,,,,,,,,,,116,
Arusha,NM201811_(136284C2/136357),16NM_ITC1468-Kahuti_plot32_r2c11,ITC1468,2,16NM_ITC0609-Pahang_plot168_r8c1,ITC0609 Pahang,2018-11-06,,,,,,,,,,,,
Arusha,NM201811_(136289C2/136295),16NM_ITC1468-Kahuti_plot71_r4c14,ITC1468,2,16NM_ITC0712-AAcvRose_plot84_r4c1,ITC0712,2018-11-07,,,,,,,,,,,,
Arusha,NM201811_(136298C2/136295),16NM_MchareLaini_plot259_r13c7,Mchare Laini,2,16NM_ITC0712-AAcvRose_plot84_r4c1,ITC0712,2018-11-06,2018-12-05,,,,,,,,,,29,
Arusha,NM201811_(136340C2/136357),16NM_ITC1468-Kahuti_plot62_r3c20,ITC1468,2,16NM_ITC0609-Pahang_plot168_r8c1,ITC0609 Pahang,2018-11-21,,,,,,,,,,,,
Arusha,NM201811_(136346C2/136357),16NM_Huti-white_plot129_r7c3,Huti-white,2,16NM_ITC0609-Pahang_plot168_r8c1,ITC0609 Pahang,2018-11-06,,,,,,,,,,,,
Arusha,NM201811_(136354C2/136295),16NM_MchareLaini_plot249_r12c4,Mchare Laini,2,16NM_ITC0712-AAcvRose_plot84_r4c1,ITC0712,2018-11-09,,,,,,,,,,,,
Arusha,NM201811_(136367C2/136357),16NM_Huti-white_plot140_r7c14,Huti-white,2,16NM_ITC0609-Pahang_plot168_r8c1,ITC0609 Pahang,2018-11-07,,,,,,,,,,,,
Arusha,NM201811_(136381C3/136283),16NM_ITC1468-Kahuti_plot96_r5c12,ITC1468,3,16NM_ITC0609-Pahang_plot127_r7c1,ITC0609 Pahang,2018-11-09,,,,,,,,,,,,
Arusha,NM201811_(136390C2/136653),16NM_ITC1460-IjihuInkundu_plot335_r16c2,ITC1460,2,16NM_ITC0609-Pahang_plot210_r10c1,ITC0609 Pahang,2018-11-14,,,,,,,,,,,,
Arusha,NM201811_(136397C2/136653),16NM_ITC1468-Kahuti_plot21_r1c21,ITC1468,2,16NM_ITC0609-Pahang_plot210_r10c1,ITC0609 Pahang,2018-11-14,,,,,,,,,,,,
Arusha,NM201811_(136406C2/136706),16NM_ITC1460-IjihuInkundu_plot351_r17c15,ITC1460,2,16NM_ITC0712-AAcvRose_plot85_r5c1,ITC0712,2018-11-14,,,,,,,,,,,,
Arusha,NM201811_(136429C2/161503),16NM_MchareLaini_plot266_r13c14,Mchare Laini,2,Males_ITCO712_Cv_Rose_r2c1_plot21,ITC0712 Cv Rose,2018-11-29,,,,,,,,,,,,
Arusha,NM201811_(136433C2/136653),16NM_Huti-white_plot107_r6c20,Huti-white,2,16NM_ITC0609-Pahang_plot210_r10c1,ITC0609 Pahang,2018-11-12,,,,,,,,,,,,
Arusha,NM201811_(136434C2/136357),16NM_ITC1468-Kahuti_plot87_r5c3,ITC1468,2,16NM_ITC0609-Pahang_plot168_r8c1,ITC0609 Pahang,2018-11-08,2019-02-07,,,,,,,,,,91,
Arusha,NM201811_(136476C2/136392),16NM_ITC1460-IjihuInkundu_plot308_r15c14,ITC1460,2,16NM_ITC0712-AAcvRose_plot43_r3c1,ITC0712,2018-11-16,,,,,,,,,,,,
Arusha,NM201811_(136484C2/136357),16NM_Huti-white_plot122_r6c5,Huti-white,2,16NM_ITC0609-Pahang_plot168_r8c1,ITC0609 Pahang,2018-11-22,,,,,,,,,,,,
Arusha,NM201811_(136495C2/136510),16NM_MchareLaini_plot235_r12c18,Mchare Laini,2,16NM_ITC0609-Pahang_plot169_r9c1,ITC0609 Pahang,2018-10-30,,,,,,,,,,,,
Arusha,NM201811_(136524C2/161584),16NM_ITC1468-Kahuti_plot27_r2c16,ITC1468,2,Males_ITC0609_Pahang_r1c11_plot13,ITC0609 Pahang,2018-11-27,,,,,,,,,,,,
Arusha,NM201811_(136527C2/136510),16NM_MchareLaini_plot190_r10c21,Mchare Laini,2,16NM_ITC0609-Pahang_plot169_r9c1,ITC0609 Pahang,2018-11-02,,,,,,,,,,,,
Arusha,NM201811_(136529C2/136510),16NM_ITC1468-Kahuti_plot95_r5c11,ITC1468,2,16NM_ITC0609-Pahang_plot169_r9c1,ITC0609 Pahang,2018-11-13,,,,,,,,,,,,
Arusha,NM201811_(136554C2/136460),16NM_ITC1468-Kahuti_plot81_r4c4,ITC1468,2,16NM_ITC0712-AAcvRose_plot1_r1c1,ITC0712,2018-11-22,,,,,,,,,,,,
Arusha,NM201811_(136581C2/136460),16NM_ITC1460-IjihuInkundu_plot345_r17c9,ITC1460,2,16NM_ITC0712-AAcvRose_plot1_r1c1,ITC0712,2018-11-02,,,,,,,,,,,,
Arusha,NM201811_(136627C2/136460),16NM_MchareLaini_plot255_r13c3,Mchare Laini,2,16NM_ITC0712-AAcvRose_plot1_r1c1,ITC0712,2018-11-06,2019-02-07,,,,,,,,,,93,
Arusha,NM201811_(136628C2/136460),16NM_ITC1460-IjihuInkundu_plot297_r15c3,ITC1460,2,16NM_ITC0712-AAcvRose_plot1_r1c1,ITC0712,2018-11-02,,,,,,,,,,,,
Arusha,NM201811_(136648C2/136357),16NM_ITC1460-IjihuInkundu_plot290_r14c5,ITC1460,2,16NM_ITC0609-Pahang_plot168_r8c1,ITC0609 Pahang,2018-11-06,,,,,,,,,,,,
Arusha,NM201811_(136659C2/161503),16NM_ITC1468-Kahuti_plot56_r3c14,ITC1468,2,Males_ITCO712_Cv_Rose_r2c1_plot21,ITC0712 Cv Rose,2018-11-29,,,,,,,,,,,,
Arusha,NM201811_(136662C2/136706),16NM_ITC1460-IjihuInkundu_plot293_r14c2,ITC1460,2,16NM_ITC0712-AAcvRose_plot85_r5c1,ITC0712,2018-11-14,,,,,,,,,,,,
Arusha,NM201811_(136675C3/136510),16NM_ITC1455-MchareMlelembo_plot403_r20c18,ITC1455-Mchare Mlelembo,3,16NM_ITC0609-Pahang_plot169_r9c1,ITC0609 Pahang,2018-10-30,,,,,,,,,,,,
Arusha,NM201811_(136704C2/136510),16NM_MchareLaini_plot257_r13c5,Mchare Laini,2,16NM_ITC0609-Pahang_plot169_r9c1,ITC0609 Pahang,2018-11-21,,,,,,,,,,,,
Arusha,NM201811_(136712C2/136295),16NM_Huti-white_plot111_r6c16,Huti-white,2,16NM_ITC0712-AAcvRose_plot84_r4c1,ITC0712,2018-11-07,,,,,,,,,,,,
Arusha,NM201811_(136719C2/136460),16NM_ITC1468-Kahuti_plot4_r1c4,ITC1468,2,16NM_ITC0712-AAcvRose_plot1_r1c1,ITC0712,2018-11-01,2019-01-15,,,,,,,,,,75,
Arusha,NM201811_(136722C2/136357),16NM_MchareLaini_plot196_r10c15,Mchare Laini,2,16NM_ITC0609-Pahang_plot168_r8c1,ITC0609 Pahang,2018-11-06,,,,,,,,,,,,
Arusha,NM201811_(152445C1/161584),16NM_Huti-white_plot715r35c1,Huti-white,1,Males_ITC0609_Pahang_r1c11_plot13,ITC0609 Pahang,2018-11-29,,,,,,,,,,,,
Arusha,NM201811_(152770C1/161584),16NM_Huti-white_plot757r37c1,Huti-white,1,Males_ITC0609_Pahang_r1c11_plot13,ITC0609 Pahang,2018-11-16,,,,,,,,,,,,
Arusha,NM201811_(152936C1/161503),16NM_Huti-white_plot673r33c1,Huti-white,1,Males_ITCO712_Cv_Rose_r2c1_plot21,ITC0712 Cv Rose,2018-11-12,,,,,,,,,,,,
Arusha,NM201812_(136304C2/136510),16NM_ITC1460-IjihuInkundu_plot316_r16c21,ITC1460,2,16NM_ITC0609-Pahang_plot169_r9c1,ITC0609 Pahang,2018-12-31,,,,,,,,,,,,
Arusha,NM201812_(136321C2/161503),16NM_ITC1460-IjihuInkundu_plot291_r14c4,ITC1460,2,Males_ITCO712_Cv_Rose_r2c1_plot21,ITC0712 Cv Rose,2018-12-03,,,,,,,,,,,,
Arusha,NM201812_(136363C2/161503),16NM_ITC1468-Kahuti_plot49_r3c7,ITC1468,2,Males_ITCO712_Cv_Rose_r2c1_plot21,ITC0712 Cv Rose,2018-12-11,,,,,,,,,,,,
Arusha,NM201812_(136365C2/161584),16NM_ITC1468-Kahuti_plot24_r2c19,ITC1468,2,Males_ITC0609_Pahang_r1c11_plot13,ITC0609 Pahang,2018-12-18,,,,,,,,,,,,
Arusha,NM201812_(136375C2/161584),16NM_ITC1460-IjihuInkundu_plot314_r15c20,ITC1460,2,Males_ITC0609_Pahang_r1c11_plot13,ITC0609 Pahang,2018-12-06,,,,,,,,,,,,
Arusha,NM201812_(136393C2/161503),16NM_MchareLaini_plot270_r13c18,Mchare Laini,2,Males_ITCO712_Cv_Rose_r2c1_plot21,ITC0712 Cv Rose,2018-12-06,,,,,,,,,,,,
Arusha,NM201812_(136402C2/161582),16NM_Huti-white_plot180_r9c12,Huti-white,2,Males_ITCO712_Cv_Rose_r2c1_plot22,ITC0712 Cv Rose,2018-12-04,,,,,,,,,,,,
Arusha,NM201812_(136447C2/161503),16NM_ITC1460-IjihuInkundu_plot312_r15c18,ITC1460,2,Males_ITCO712_Cv_Rose_r2c1_plot21,ITC0712 Cv Rose,2018-12-06,,,,,,,,,,,,
Arusha,NM201812_(136501C2/161584),16NM_Huti-white_plot183_r9c15,Huti-white,2,Males_ITC0609_Pahang_r1c11_plot13,ITC0609 Pahang,2018-12-01,,,,,,,,,,,,
Arusha,NM201812_(136530C2/136392),16NM_ITC1455-MchareMlelembo_plot400_r20c21,ITC1455-Mchare Mlelembo,2,16NM_ITC0712-AAcvRose_plot43_r3c1,ITC0712,2018-12-12,,,,,,,,,,,,
Arusha,NM201812_(136530C2/136706),16NM_ITC1455-MchareMlelembo_plot400_r20c21,ITC1455-Mchare Mlelembo,2,16NM_ITC0712-AAcvRose_plot85_r5c1,ITC0712,2018-12-13,,,,,,,,,,,,
Arusha,NM201812_(136536C2/136653),16NM_Huti-white_plot151_r8c18,Huti-white,2,16NM_ITC0609-Pahang_plot210_r10c1,ITC0609 Pahang,2018-12-11,,,,,,,,,,,,
Arusha,NM201812_(136560C2/136706),16NM_ITC1468-Kahuti_plot86_r5c2,ITC1468,2,16NM_ITC0712-AAcvRose_plot85_r5c1,ITC0712,2018-12-13,,,,,,,,,,,,
Arusha,NM201812_(136598C2/161503),16NM_ITC1460-IjihuInkundu_plot344_r17c8,ITC1460,2,Males_ITCO712_Cv_Rose_r2c1_plot21,ITC0712 Cv Rose,2018-12-11,2019-01-11,,,,,,,,,,31,
Arusha,NM201812_(136644C2/161503),16NM_ITC1468-Kahuti_plot48_r3c6,ITC1468,2,Males_ITCO712_Cv_Rose_r2c1_plot21,ITC0712 Cv Rose,2018-12-17,,,,,,,,,,,,
Arusha,NM201812_(136652C2/161584),16NM_ITC1468-Kahuti_plot50_r3c8,ITC1468,2,Males_ITC0609_Pahang_r1c11_plot13,ITC0609 Pahang,2018-12-20,,,,,,,,,,,,
Arusha,NM201812_(136681C2/161584),16NM_ITC1468-Kahuti_plot75_r4c10,ITC1468,2,Males_ITC0609_Pahang_r1c11_plot13,ITC0609 Pahang,2018-12-05,,,,,,,,,,,,
Arusha,NM201812_(136691C2/161584),16NM_ITC1460-IjihuInkundu_plot278_r14c17,ITC1460,2,Males_ITC0609_Pahang_r1c11_plot13,ITC0609 Pahang,2018-12-24,,,,,,,,,,,,
Arusha,NM201812_(152405C1/161554),16NM_Huti-white_plot211r11c1,Huti-white,1,Males__ITC0249_Calcutta4_r1c1_plot1,ITC0249 Calcutta 4,2018-12-11,,,,,,,,,,,,
Arusha,NM201812_(152650C1/161503),16NM_Huti-white_plot756r36c1,Huti-white,1,Males_ITCO712_Cv_Rose_r2c1_plot21,ITC0712 Cv Rose,2018-12-22,,,,,,,,,,,,
Arusha,NM201812_(153012C1/161584),16NM_Huti-white_plot714r34c1,Huti-white,1,Males_ITC0609_Pahang_r1c11_plot13,ITC0609 Pahang,2018-12-11,,,,,,,,,,,,
Arusha,NM201812_(153130C1/161584),16NM_Huti-white_plot19r1c19,Huti-white,1,Males_ITC0609_Pahang_r1c11_plot13,ITC0609 Pahang,2018-12-01,,,,,,,,,,,,
Arusha,NM201901_(136290C2/161584),16NM_ITC1468-Kahuti_plot102_r5c18,ITC1468,2,Males_ITC0609_Pahang_r1c11_plot13,ITC0609 Pahang,2019-01-08,,,,,,,,,,,,
Arusha,NM201901_(136299C2/161584),16NM_MchareLaini_plot194_r10c17,Mchare Laini,2,Males_ITC0609_Pahang_r1c11_plot13,ITC0609 Pahang,2019-01-14,,,,,,,,,,,,
Arusha,NM201901_(136310C2/136706),16NM_ITC1468-Kahuti_plot35_r2c8,ITC1468,2,16NM_ITC0712-AAcvRose_plot85_r5c1,ITC0712,2019-01-08,,,,,,,,,,,,
Arusha,NM201901_(136332C2/136295),16NM_ITC1455-MchareMlelembo_plot382_r19c4,ITC1455-Mchare Mlelembo,2,16NM_ITC0712-AAcvRose_plot84_r4c1,ITC0712,2019-01-08,,,,,,,,,,,,
Arusha,NM201901_(136339C2/136706),16NM_ITC1460-IjihuInkundu_plot311_r15c17,ITC1460,2,16NM_ITC0712-AAcvRose_plot85_r5c1,ITC0712,2019-01-08,,,,,,,,,,,,
Arusha,NM201901_(136353C2/161503),16NM_ITC1455-MchareMlelembo_plot361_r18c18,ITC1455-Mchare Mlelembo,2,Males_ITCO712_Cv_Rose_r2c1_plot21,ITC0712 Cv Rose,2019-01-22,,,,,,,,,,,,
Arusha,NM201901_(136382C2/161503),16NM_ITC1460-IjihuInkundu_plot355_r17c19,ITC1460,2,Males_ITCO712_Cv_Rose_r2c1_plot21,ITC0712 Cv Rose,2019-01-22,,,,,,,,,,,,
Arusha,NM201901_(136408C2/161503),16NM_MchareLaini_plot246_r12c7,Mchare Laini,2,Males_ITCO712_Cv_Rose_r2c1_plot21,ITC0712 Cv Rose,2019-01-22,,,,,,,,,,,,
Arusha,NM201901_(136425C2/161503),16NM_Huti-white_plot152_r8c17,Huti-white,2,Males_ITCO712_Cv_Rose_r2c1_plot21,ITC0712 Cv Rose,2019-01-17,,,,,,,,,,,,
Arusha,NM201901_(136426C2/161584),16NM_Huti-white_plot189_r9c21,Huti-white,2,Males_ITC0609_Pahang_r1c11_plot13,ITC0609 Pahang,2019-01-07,,,,,,,,,,,,
Arusha,NM201901_(136432C3/136392),16NM_ITC1455-MchareMlelembo_plot438_r21c18,ITC1455-Mchare Mlelembo,3,16NM_ITC0712-AAcvRose_plot43_r3c1,ITC0712,2019-01-11,,,,,,,,,,,,
Arusha,NM201901_(136445C2/161584),16NM_ITC1468-Kahuti_plot41_r2c2,ITC1468,2,Males_ITC0609_Pahang_r1c11_plot13,ITC0609 Pahang,2019-01-31,,,,,,,,,,,,
Arusha,NM201901_(136481C2/161503),16NM_MchareLaini_plot217_r11c7,Mchare Laini,2,Males_ITCO712_Cv_Rose_r2c1_plot21,ITC0712 Cv Rose,2019-01-22,,,,,,,,,,,,
Arusha,NM201901_(136502C2/161503),16NM_ITC1468-Kahuti_plot94_r5c10,ITC1468,2,Males_ITCO712_Cv_Rose_r2c1_plot21,ITC0712 Cv Rose,2019-01-22,,,,,,,,,,,,
Arusha,NM201901_(136533C2/136706),16NM_Huti-white_plot109_r6c18,Huti-white,2,16NM_ITC0712-AAcvRose_plot85_r5c1,ITC0712,2019-01-30,,,,,,,,,,,,
Arusha,NM201901_(136578C2/161503),16NM_MchareLaini_plot228_r11c18,Mchare Laini,2,Males_ITCO712_Cv_Rose_r2c1_plot21,ITC0712 Cv Rose,2019-01-14,,,,,,,,,,,,
Arusha,NM201901_(136586C2/161584),16NM_MchareLaini_plot191_r10c20,Mchare Laini,2,Males_ITC0609_Pahang_r1c11_plot13,ITC0609 Pahang,2019-01-14,,,,,,,,,,,,
Arusha,NM201901_(136597C2/136392),16NM_ITC1460-IjihuInkundu_plot352_r17c16,ITC1460,2,16NM_ITC0712-AAcvRose_plot43_r3c1,ITC0712,2019-01-02,,,,,,,,,,,,
Arusha,NM201901_(136602C2/161477),16NM_MchareLaini_plot251_r12c2,Mchare Laini,2,Males_ITCO712_Cv_Rose_r2c1_plot24,ITC0712 Cv Rose,2019-01-03,,,,,,,,,,,,
Arusha,NM201901_(136672C2/161503),16NM_ITC1468-Kahuti_plot88_r5c4,ITC1468,2,Males_ITCO712_Cv_Rose_r2c1_plot21,ITC0712 Cv Rose,2019-01-22,,,,,,,,,,,,
Arusha,NM201901_(136698C2/161506),16NM_MchareLaini_plot245_r12c8,Mchare Laini,2,Males_ITCO712_Cv_Rose_r2c1_plot26,ITC0712 Cv Rose,2019-01-24,,,,,,,,,,,,
Arusha,NM201901_(152720C1/161503),16NM_Huti-white_plot797r38c2,Huti-white,1,Males_ITCO712_Cv_Rose_r2c1_plot21,ITC0712 Cv Rose,2019-01-29,,,,,,,,,,,,
Arusha,NM201901_(152744C1/161506),16NM_Huti-white_plot589r29c1,Huti-white,1,Males_ITCO712_Cv_Rose_r2c1_plot26,ITC0712 Cv Rose,2019-01-24,,,,,,,,,,,,
Arusha,NM201901_(152851C1/161564),16NM_Huti-white_plot776r37c20,Huti-white,1,Males_ITCO712_Cv_Rose_r2c1_plot28,ITC0712 Cv Rose,2019-01-23,,,,,,,,,,,,
Arusha,NM201901_(152942C1/161461),16NM_Huti-white_plot315r15c21,Huti-white,1,Males_ITC0609_Pahang_r1c11_plot17,ITC0609 Pahang,2019-01-23,,,,,,,,,,,,
Arusha,NM201901_(153009C1/161584),16NM_Huti-white_plot190r10c21,Huti-white,1,Males_ITC0609_Pahang_r1c11_plot13,ITC0609 Pahang,2019-01-22,,,,,,,,,,,,
Arusha,NM201901_(153017C1/161564),16NM_Huti-white_plot779r38c20,Huti-white,1,Males_ITCO712_Cv_Rose_r2c1_plot28,ITC0712 Cv Rose,2019-01-23,,,,,,,,,,,,
Arusha,NM201901_(153020C1/161548),16NM_Huti-white_plot148r8c21,Huti-white,1,Males_ITC0609_Pahang_r1c11_plot19,ITC0609 Pahang,2019-01-24,,,,,,,,,,,,
Arusha,NM201901_(153023C1/161503),16NM_Huti-white_plot504r24c1,Huti-white,1,Males_ITCO712_Cv_Rose_r2c1_plot21,ITC0712 Cv Rose,2019-01-11,,,,,,,,,,,,
Arusha,NM201901_(153119C1/161506),16NM_Huti-white_plot547r27c1,Huti-white,1,Males_ITCO712_Cv_Rose_r2c1_plot26,ITC0712 Cv Rose,2019-01-25,,,,,,,,,,,,
Arusha,NM201901_(153120C1/161503),16NM_Huti-white_plot210r10c1,Huti-white,1,Males_ITCO712_Cv_Rose_r2c1_plot21,ITC0712 Cv Rose,2019-01-15,,,,,,,,,,,,
Arusha,NM201901_(153162C1/161503),16NM_Huti-white_plot799r39c1,Huti-white,1,Males_ITCO712_Cv_Rose_r2c1_plot21,ITC0712 Cv Rose,2019-01-17,,,,,,,,,,,,
Arusha,NM201901_(153163C1/161548),16NM_Huti-white_plot105r5c21,Huti-white,1,Males_ITC0609_Pahang_r1c11_plot19,ITC0609 Pahang,2019-01-15,,,,,,,,,,,,
Arusha,NM201902_(136412C2/161412),16NM_ITC1455-MchareMlelembo_plot440_r21c20,ITC1455-Mchare Mlelembo,2,Males_ITC0609_Pahang_r1c11_plot18,ITC0609 Pahang,2019-02-12,,,,,,,,,,,,
Arusha,NM201902_(136467C2/161477),16NM_ITC1468-Kahuti_plot100_r5c16,ITC1468,2,Males_ITCO712_Cv_Rose_r2c1_plot24,ITC0712 Cv Rose,2019-02-14,,,,,,,,,,,,
Arusha,NM201902_(136485C2/161503),16NM_Huti-white_plot143_r7c17,Huti-white,2,Males_ITCO712_Cv_Rose_r2c1_plot21,ITC0712 Cv Rose,2019-02-07,,,,,,,,,,,,
Arusha,NM201902_(136499C2/161584),16NM_ITC1468-Kahuti_plot36_r2c7,ITC1468,2,Males_ITC0609_Pahang_r1c11_plot13,ITC0609 Pahang,2019-02-07,,,,,,,,,,,,
Arusha,NM201902_(136533C3/136490),16NM_Huti-white_plot109_r6c18,Huti-white,3,16NM_ITC0712-AAcvRose_plot42_r2c1,ITC0712,2019-02-01,,,,,,,,,,,,
Arusha,NM201902_(136562C2/161584),16NM_ITC1455-MchareMlelembo_plot371_r18c8,ITC1455-Mchare Mlelembo,2,Males_ITC0609_Pahang_r1c11_plot13,ITC0609 Pahang,2019-02-07,,,,,,,,,,,,
Arusha,NM201902_(136582C3/161477),16NM_ITC1468-Kahuti_plot69_r4c16,ITC1468,3,Males_ITCO712_Cv_Rose_r2c1_plot24,ITC0712 Cv Rose,2019-02-14,,,,,,,,,,,,
Arusha,NM201902_(152376C1/161582),16NM_Huti-white_plot798r38c1,Huti-white,1,Males_ITCO712_Cv_Rose_r2c1_plot22,ITC0712 Cv Rose,2019-02-12,,,,,,,,,,,,
Arusha,NM201902_(152427C1/161477),16NM_Huti-white_plot758r37c2,Huti-white,1,Males_ITCO712_Cv_Rose_r2c1_plot24,ITC0712 Cv Rose,2019-02-14,,,,,,,,,,,,
Arusha,NM201902_(152457C1/161477),16NM_Huti-white_plot716r35c2,Huti-white,1,Males_ITCO712_Cv_Rose_r2c1_plot24,ITC0712 Cv Rose,2019-02-14,,,,,,,,,,,,
Arusha,NM201902_(152491C1/161503),16NM_Huti-white_plot379r19c1,Huti-white,1,Males_ITCO712_Cv_Rose_r2c1_plot21,ITC0712 Cv Rose,2019-02-01,,,,,,,,,,,,
Arusha,NM201902_(152499C1/161582),16NM_Huti-white_plot295r15c1,Huti-white,1,Males_ITCO712_Cv_Rose_r2c1_plot22,ITC0712 Cv Rose,2019-02-12,,,,,,,,,,,,
Arusha,NM201902_(152513C1/161582),16NM_Huti-white_plot64r4c21,Huti-white,1,Males_ITCO712_Cv_Rose_r2c1_plot22,ITC0712 Cv Rose,2019-02-12,,,,,,,,,,,,
Arusha,NM201902_(152727C1/161584),16NM_Huti-white_plot274r14c21,Huti-white,1,Males_ITC0609_Pahang_r1c11_plot13,ITC0609 Pahang,2019-02-01,,,,,,,,,,,,
Arusha,NM201902_(152842C1/161541),16NM_Huti-white_plot273r13c21,Huti-white,1,Males_ITC0609_Pahang_r1c11_plot12,ITC0609 Pahang,2019-02-15,,,,,,,,,,,,
Arusha,NM201902_(152850C1/161477),16NM_Huti-white_plot819r39c21,Huti-white,1,Males_ITCO712_Cv_Rose_r2c1_plot24,ITC0712 Cv Rose,2019-02-13,,,,,,,,,,,,
Arusha,NM201902_(152995C1/161503),16NM_Huti-white_plot546r26c1,Huti-white,1,Males_ITCO712_Cv_Rose_r2c1_plot21,ITC0712 Cv Rose,2019-02-01,,,,,,,,,,,,
Sendusu,SE201810_(155295C1/132696),Entukura_16_Phase3_R5C7,Entukura,1,17-8075-7_R1C3_plot3,8075-7,2018-10-05,,,,,,,,,,,,
Sendusu,SE201810_(162374C1/132566),29275S-1_14_R7P5,29275S-1,1,17-8075-7_R1C2_plot2,8075-7,2018-10-17,2019-02-11,,,,,,,,,,117,
Sendusu,SE201810_(162432C1/132315),29364S-2_14_R10P2,29364S-2,1,17-10969s-1_R23C1_plot331,10969S-1,2018-10-24,,,,,,,,,,,,
Sendusu,SE201810_(162490C1/132635),29364S-2_14_R10P4,29364S-2,1,17-7197-2_R12C2_plot167,7197-2,2018-10-30,,,,,,,,,,,,
Sendusu,SE201810_(162504C1/132625),Nfuuka_14_Phase1_R13C10,Nfuuka,1,17-SH3362_R19C7_plot277,SH3362,2018-10-22,2019-01-18,,,,,,,,,,88,
Sendusu,SE201810_(162514C1/132625),Nakyetengu_14_Phase1_R7C3,IITA-Nakyetengu,1,17-SH3362_R19C7_plot277,SH3362,2018-10-13,2019-02-08,,,,,,,,,,118,
Sendusu,SE201810_(162519C1/132316),Enzirabahima_14_Phase1_R27C10,ITC1354,1,17-8075-7_R2C1_plot16,8075-7,2018-10-27,,,,,,,,,,,,
Sendusu,SE201810_(162548C1/132624),Nakasabira_14_Phase1_R32C13,Nakasabira,1,17-5265-1_R8C3_plot108,TMB2X5265-1,2018-10-23,,,,,,,,,,,,
Sendusu,SE201810_(162554C1/132697),Nakyetengu_14_Phase1_R7C8,IITA-Nakyetengu,1,17-SH3217_R13C5_plot185,SH3217,2018-10-26,,,,,,,,,,,,
Sendusu,SE201810_(162600C1/132348),Entukura_14_Phase1_R6C11,Entukura,1,17-7197-2_R11C3_plot153,7197-2,2018-10-15,,,,,,,,,,,,
Sendusu,SE201810_(162647C1/132624),Nakyetengu_14_Phase1_R8C5,IITA-Nakyetengu,1,17-5265-1_R8C3_plot108,TMB2X5265-1,2018-10-29,,,,,,,,,,,,
Sendusu,SE201810_(162663C1/132624),Kabucuragye_14_Phase1_R21C8,Kabucuragye,1,17-5265-1_R8C3_plot108,TMB2X5265-1,2018-10-15,,,,,,,,,,,,
Sendusu,SE201810_(162729C1/132425),Kazirakwe_14_Phase1_R30C6,ITC1355,1,17-9128-3_R5C1_plot61,9128-3,2018-10-22,,,,,,,,,,,,
Sendusu,SE201810_(162737C1/132441),Enzirabahima_14_Phase1_R26C10,ITC1354,1,17-5265-1_R8C2_plot107,TMB2X5265-1,2018-10-27,,,,,,,,,,,,
Sendusu,SE201810_(162750C1/132635),Nakasabira_14_Phase1_R32C17,Nakasabira,1,17-7197-2_R12C2_plot167,7197-2,2018-10-25,,,,,,,,,,,,
Sendusu,SE201810_(162775C1/132441),Entukura_14_Phase1_R4C17,Entukura,1,17-5265-1_R8C2_plot107,TMB2X5265-1,2018-10-12,2019-01-18,,,,,,,,,,98,
Sendusu,SE201810_(162784C1/132697),Kazirakwe_14_Phase1_R28C15,ITC1355,1,17-SH3217_R13C5_plot185,SH3217,2018-10-27,,,,,,,,,,,,
Sendusu,SE201810_(162792C1/132512),Tereza_14_Phase1_R16C10,Tereza,1,17-7197-2_R12C4_plot169,7197-2,2018-10-22,,,,,,,,,,,,
Sendusu,SE201810_(162800C1/132610),Kabucuragye_14_Phase1_R21C10,Kabucuragye,1,17-8075-7_R1C7_plot7,8075-7,2018-10-25,,,,,,,,,,,,
Sendusu,SE201810_(162836C1/132307),Kazirakwe_14_Phase1_R29C17,ITC1355,1,17-8075-7_R3C2_plot32,8075-7,2018-10-11,,,,,,,,,,,,
Sendusu,SE201810_(162843C1/132348),Entukura_14_Phase1_R4C10,Entukura,1,17-7197-2_R11C3_plot153,7197-2,2018-10-11,,,,,,,,,,,,
Sendusu,SE201810_(162857C1/132625),Nfuuka_14_Phase1_R15C5,Nfuuka,1,17-SH3362_R19C7_plot277,SH3362,2018-10-25,,,,,,,,,,,,
Sendusu,SE201810_(162900C1/132512),Enzirabahima_14_Phase1_R25C1,ITC1354,1,17-7197-2_R12C4_plot169,7197-2,2018-10-15,,,,,,,,,,,,
Sendusu,SE201810_(162904C1/132709),Entukura_14_Phase1_R6C17,Entukura,1,17-SH3217_R14C1_plot196,SH3217,2018-10-24,,,,,,,,,,,,
Sendusu,SE201810_(162920C1/132505),Entukura_14_Phase1_R4C9,Entukura,1,17-SH3217_R13C3_plot183,SH3217,2018-10-22,2019-02-05,,,,,,,,,,106,
Sendusu,SE201810_(162957C1/132425),Enzirabahima_14_Phase2_R25C1,ITC1354,1,17-9128-3_R5C1_plot61,9128-3,2018-10-15,,,,,,,,,,,,
Sendusu,SE201810_(162959C1/132498),Enzirabahima_14_Phase2_R27C5,ITC1354,1,17-9128-3_R4C1_plot46,9128-3,2018-10-22,,,,,,,,,,,,
Sendusu,SE201810_(162974C1/132441),Kazirakwe_14_Phase2_R29C9,ITC1355,1,17-5265-1_R8C2_plot107,TMB2X5265-1,2018-10-22,,,,,,,,,,,,
Sendusu,SE201810_(162995C1/132610),Entukura_14_Phase2_R4C2,Entukura,1,17-8075-7_R1C7_plot7,8075-7,2018-10-22,,,,,,,,,,,,
Sendusu,SE201810_(163054C1/132684),Nfuuka_14_Phase2_R14C10,Nfuuka,1,17-7197-2_R11C5_plot155,7197-2,2018-10-30,2019-02-05,,,,,,,,,,98,
Sendusu,SE201810_(163090C1/132709),Kabucuragye_14_Phase2_R19C3,Kabucuragye,1,17-SH3217_R14C1_plot196,SH3217,2018-10-13,,,,,,,,,,,,
Sendusu,SE201810_(163171C1/132348),Kabucuragye_16_Phase3_R19C7,Kabucuragye,1,17-7197-2_R11C3_plot153,7197-2,2018-10-25,,,,,,,,,,,,
Sendusu,SE201810_(163174C1/132697),Kazirakwe_16_Phase3_R30C6,ITC1355,1,17-SH3217_R13C5_plot185,SH3217,2018-10-25,,,,,,,,,,,,
Sendusu,SE201810_(163220C1/132512),Entukura_16_Phase3_R5C5,Entukura,1,17-7197-2_R12C4_plot169,7197-2,2018-10-11,2019-01-18,,,,,,,,,,99,
Sendusu,SE201810_(163240C1/132512),Kabucuragye_16_Phase3_R21C7,Kabucuragye,1,17-7197-2_R12C4_plot169,7197-2,2018-10-22,,,,,,,,,,,,
Sendusu,SE201810_(163244C1/132348),Kazirakwe_16_Phase3_R30C2,ITC1355,1,17-7197-2_R11C3_plot153,7197-2,2018-10-24,,,,,,,,,,,,
Sendusu,SE201810_(163254C1/132441),Nakyetengu_16_Phase3_R8C9,IITA-Nakyetengu,1,17-5265-1_R8C2_plot107,TMB2X5265-1,2018-10-24,,,,,,,,,,,,
Sendusu,SE201810_(163262C1/132505),Tereza_16_Phase3_R17C4,Tereza,1,17-SH3217_R13C3_plot183,SH3217,2018-10-26,,,,,,,,,,,,
Sendusu,SE201810_(163312C1/132635),Nakasabira_16_Phase3_R33C2,Nakasabira,1,17-7197-2_R12C2_plot167,7197-2,2018-10-17,,,,,,,,,,,,
Sendusu,SE201810_(163359C1/132512),Tereza_16_Phase3_R16C10,Tereza,1,17-7197-2_R12C4_plot169,7197-2,2018-10-10,,,,,,,,,,,,
Sendusu,SE201810_(163375C1/132625),Enzirabahima_16_Phase3_R25C5,ITC1354,1,17-SH3362_R19C7_plot277,SH3362,2018-10-30,2019-02-05,,,,,,,,,,98,
Sendusu,SE201811_(162378C1/132635),25974S-17_14_R6P8,25974S-17,1,17-7197-2_R12C2_plot167,7197-2,2018-11-08,,,,,,,,,,,,
Sendusu,SE201811_(162412C1/132315),25974S-17_14_R5P7,25974S-17,1,17-10969s-1_R23C1_plot331,10969S-1,2018-11-27,,,,,,,,,,,,
Sendusu,SE201811_(162432C1/132512),29364S-2_14_R10P2,29364S-2,1,17-7197-2_R12C4_plot169,7197-2,2018-11-06,,,,,,,,,,,,
Sendusu,SE201811_(162478C1/132354),25974S-17_14_R6P3,25974S-17,1,17-10969s-1_R23C10_plot340,10969S-1,2018-11-17,,,,,,,,,,,,
Sendusu,SE201811_(162501C1/132608),Enzirabahima_14_Phase1_R25C6,ITC1354,1,17-8075-7_R3C3_plot33,8075-7,2018-11-27,,,,,,,,,,,,
Sendusu,SE201811_(162516C1/132566),Nakasabira_14_Phase1_R33C10,Nakasabira,1,17-8075-7_R1C2_plot2,8075-7,2018-11-08,,,,,,,,,,,,
Sendusu,SE201811_(162529C1/132697),Nakyetengu_14_Phase1_R9C3,IITA-Nakyetengu,1,17-SH3217_R13C5_plot185,SH3217,2018-11-16,,,,,,,,,,,,
Sendusu,SE201811_(162530C1/132624),Enzirabahima_14_Phase1_R26C4,ITC1354,1,17-5265-1_R8C3_plot108,TMB2X5265-1,2018-11-08,,,,,,,,,,,,
Sendusu,SE201811_(162533C1/132316),Entukura_14_Phase1_R5C11,Entukura,1,17-8075-7_R2C1_plot16,8075-7,2018-11-22,,,,,,,,,,,,
Sendusu,SE201811_(162538C1/132709),Nfuuka_14_Phase1_R13C6,Nfuuka,1,17-SH3217_R14C1_plot196,SH3217,2018-11-21,,,,,,,,,,,,
Sendusu,SE201811_(162550C1/132441),Nakyetengu_14_Phase1_R8C1,IITA-Nakyetengu,1,17-5265-1_R8C2_plot107,TMB2X5265-1,2018-11-29,,,,,,,,,,,,
Sendusu,SE201811_(162566C1/132373),Kabucuragye_14_Phase1_R20C2,Kabucuragye,1,17-7197-2_R12C3_plot168,7197-2,2018-11-19,,,,,,,,,,,,
Sendusu,SE201811_(162572C1/132522),Tereza_14_Phase1_R17C4,Tereza,1,17-5265-1_R9C5_plot125,TMB2X5265-1,2018-11-27,,,,,,,,,,,,
Sendusu,SE201811_(162613C1/132709),Tereza_14_Phase1_R17C13,Tereza,1,17-SH3217_R14C1_plot196,SH3217,2018-11-10,,,,,,,,,,,,
Sendusu,SE201811_(162626C1/132379),Kabucuragye_14_Phase1_R19C14,Kabucuragye,1,17-9128-3_R4C4_plot49,9128-3,2018-11-26,,,,,,,,,,,,
Sendusu,SE201811_(162643C1/132617),Kazirakwe_14_Phase1_R28C17,ITC1355,1,17-7197-2_R12C14_plot179,7197-2,2018-11-24,,,,,,,,,,,,
Sendusu,SE201811_(162658C1/132339),Enzirabahima_14_Phase1_R27C6,ITC1354,1,17-8075-7_R2C14_plot29,8075-7,2018-11-17,,,,,,,,,,,,
Sendusu,SE201811_(162659C1/132697),Enzirabahima_14_Phase1_R26C14,ITC1354,1,17-SH3217_R13C5_plot185,SH3217,2018-11-10,,,,,,,,,,,,
Sendusu,SE201811_(162666C1/132635),Enzirabahima_14_Phase1_R27C3,ITC1354,1,17-7197-2_R12C2_plot167,7197-2,2018-11-16,2019-02-08,,,,,,,,,,84,
Sendusu,SE201811_(162675C1/132640),Kazirakwe_14_Phase1_R28C14,ITC1355,1,17-5265-1_R9C3_plot123,TMB2X5265-1,2018-11-22,,,,,,,,,,,,
Sendusu,SE201811_(162677C1/132522),Nakasabira_14_Phase1_R31C2,Nakasabira,1,17-5265-1_R9C5_plot125,TMB2X5265-1,2018-11-24,,,,,,,,,,,,
Sendusu,SE201811_(162691C1/132452),Kazirakwe_14_Phase1_R30C13,ITC1355,1,17-9128-3_R4C7_plot52,9128-3,2018-11-24,2019-02-05,,,,,,,,,,73,
Sendusu,SE201811_(162708C1/132624),Entukura_14_Phase1_R4C6,Entukura,1,17-5265-1_R8C3_plot108,TMB2X5265-1,2018-11-01,,,,,,,,,,,,
Sendusu,SE201811_(162709C1/132310),Entukura_14_Phase1_R5C18,Entukura,1,17-SH3217_R14C11_plot206,SH3217,2018-11-26,,,,,,,,,,,,
Sendusu,SE201811_(162721C1/132505),Tereza_14_Phase1_R16C9,Tereza,1,17-SH3217_R13C3_plot183,SH3217,2018-11-15,2019-02-11,,,,,,,,,,88,
Sendusu,SE201811_(162724C1/132566),Nakasabira_14_Phase1_R31C8,Nakasabira,1,17-8075-7_R1C2_plot2,8075-7,2018-11-05,,,,,,,,,,,,
Sendusu,SE201811_(162736C1/132484),Tereza_14_Phase1_R17C10,Tereza,1,17-7197-2_R12C12_plot177,7197-2,2018-11-29,,,,,,,,,,,,
Sendusu,SE201811_(162752C1/132608),Enzirabahima_14_Phase1_R26C6,ITC1354,1,17-8075-7_R3C3_plot33,8075-7,2018-11-26,,,,,,,,,,,,
Sendusu,SE201811_(162755C1/132649),Enzirabahima_14_Phase1_R25C5,ITC1354,1,17-9128-3_R4C11_plot56,9128-3,2018-11-14,,,,,,,,,,,,
Sendusu,SE201811_(162769C1/132617),Kabucuragye_14_Phase1_R20C13,Kabucuragye,1,17-7197-2_R12C14_plot179,7197-2,2018-11-05,2019-02-08,,,,,,,,,,95,
Sendusu,SE201811_(162803C1/132707),Tereza_14_Phase1_R18C14,Tereza,1,17-8075-7_R3C4_plot34,8075-7,2018-11-26,,,,,,,,,,,,
Sendusu,SE201811_(162805C1/132697),Kazirakwe_14_Phase1_R29C2,ITC1355,1,17-SH3217_R13C5_plot185,SH3217,2018-11-22,,,,,,,,,,,,
Sendusu,SE201811_(162820C1/132610),Tereza_14_Phase1_R16C8,Tereza,1,17-8075-7_R1C7_plot7,8075-7,2018-11-01,,,,,,,,,,,,
Sendusu,SE201811_(162823C1/132403),Nakasabira_14_Phase1_R33C14,Nakasabira,1,17-8075-7_R1C8_plot8,8075-7,2018-11-17,2019-02-05,,,,,,,,,,80,
Sendusu,SE201811_(162831C1/132610),Tereza_14_Phase1_R16C17,Tereza,1,17-8075-7_R1C7_plot7,8075-7,2018-11-08,2019-01-18,,,,,,,,,,71,
Sendusu,SE201811_(162860C1/132617),Tereza_14_Phase1_R18C12,Tereza,1,17-7197-2_R12C14_plot179,7197-2,2018-11-17,,,,,,,,,,,,
Sendusu,SE201811_(162871C1/132498),Kazirakwe_14_Phase1_R30C5,ITC1355,1,17-9128-3_R4C1_plot46,9128-3,2018-11-08,,,,,,,,,,,,
Sendusu,SE201811_(162891C1/132512),Nfuuka_14_Phase1_R15C12,Nfuuka,1,17-7197-2_R12C4_plot169,7197-2,2018-11-10,2019-02-11,,,,,,,,,,93,
Sendusu,SE201811_(162893C1/132348),Tereza_14_Phase1_R17C12,Tereza,1,17-7197-2_R11C3_plot153,7197-2,2018-11-26,,,,,,,,,,,,
Sendusu,SE201811_(162894C1/132512),Kabucuragye_14_Phase1_R20C16,Kabucuragye,1,17-7197-2_R12C4_plot169,7197-2,2018-11-26,,,,,,,,,,,,
Sendusu,SE201811_(162897C1/132608),Tereza_14_Phase1_R18C17,Tereza,1,17-8075-7_R3C3_plot33,8075-7,2018-11-07,,,,,,,,,,,,
Sendusu,SE201811_(162926C1/132684),Entukura_14_Phase1_R4C4,Entukura,1,17-7197-2_R11C5_plot155,7197-2,2018-11-07,,,,,,,,,,,,
Sendusu,SE201811_(162928C1/132709),Tereza_14_Phase1_R16C2,Tereza,1,17-SH3217_R14C1_plot196,SH3217,2018-11-05,,,,,,,,,,,,
Sendusu,SE201811_(162937C1/132650),Tereza_14_Phase2_R17C2,Tereza,1,17-9128-3_R5C6_plot66,9128-3,2018-11-22,,,,,,,,,,,,
Sendusu,SE201811_(162956C1/132348),Tereza_14_Phase2_R17C9,Tereza,1,17-7197-2_R11C3_plot153,7197-2,2018-11-21,,,,,,,,,,,,
Sendusu,SE201811_(162979C1/132475),Enzirabahima_14_Phase2_R25C3,ITC1354,1,17-8075-7_R2C10_plot25,8075-7,2018-11-27,,,,,,,,,,,,
Sendusu,SE201811_(162984C1/132697),Tereza_14_Phase2_R17C1,Tereza,1,17-SH3217_R13C5_plot185,SH3217,2018-11-27,,,,,,,,,,,,
Sendusu,SE201811_(162990C1/132625),Kazirakwe_14_Phase2_R30C4,ITC1355,1,17-SH3362_R19C7_plot277,SH3362,2018-11-10,,,,,,,,,,,,
Sendusu,SE201811_(163004C1/132625),Kazirakwe_14_Phase2_R30C2,ITC1355,1,17-SH3362_R19C7_plot277,SH3362,2018-11-19,,,,,,,,,,,,
Sendusu,SE201811_(163028C1/132649),Nakasabira_14_Phase2_R31C2,Nakasabira,1,17-9128-3_R4C11_plot56,9128-3,2018-11-08,2019-02-05,,,,,,,,,,89,
Sendusu,SE201811_(163044C1/132617),Nakyetengu_14_Phase2_R8C3,IITA-Nakyetengu,1,17-7197-2_R12C14_plot179,7197-2,2018-11-24,,,,,,,,,,,,
Sendusu,SE201811_(163052C1/132403),Nakasabira_14_Phase2_R32C7,Nakasabira,1,17-8075-7_R1C8_plot8,8075-7,2018-11-19,,,,,,,,,,,,
Sendusu,SE201811_(163064C1/132339),Kazirakwe_14_Phase2_R28C2,ITC1355,1,17-8075-7_R2C14_plot29,8075-7,2018-11-27,,,,,,,,,,,,
Sendusu,SE201811_(163100C1/132441),Enzirabahima_14_Phase2_R27C3,ITC1354,1,17-5265-1_R8C2_plot107,TMB2X5265-1,2018-11-15,,,,,,,,,,,,
Sendusu,SE201811_(163103C1/132373),Nakyetengu_14_Phase2_R8C5,IITA-Nakyetengu,1,17-7197-2_R12C3_plot168,7197-2,2018-11-29,,,,,,,,,,,,
Sendusu,SE201811_(163105C1/132330),Entukura_14_Phase2_R5C9,Entukura,1,17-8075-7_R3C1_plot31,8075-7,2018-11-08,2019-02-08,,,,,,,,,,92,
Sendusu,SE201811_(163122C1/132696),Kabucuragye_14_Phase2_R19C8,Kabucuragye,1,17-8075-7_R1C3_plot3,8075-7,2018-11-21,,,,,,,,,,,,
Sendusu,SE201811_(163125C1/132505),Enzirabahima_14_Phase2_R25C6,ITC1354,1,17-SH3217_R13C3_plot183,SH3217,2018-11-19,2019-02-08,,,,,,,,,,81,
Sendusu,SE201811_(163140C1/132635),Kabucuragye_14_Phase2_R19C2,Kabucuragye,1,17-7197-2_R12C2_plot167,7197-2,2018-11-17,,,,,,,,,,,,
Sendusu,SE201811_(163151C1/132649),Entukura_14_Phase2_R4C6,Entukura,1,17-9128-3_R4C11_plot56,9128-3,2018-11-21,,,,,,,,,,,,
Sendusu,SE201811_(163175C1/132555),Tereza_16_Phase3_R18C8,Tereza,1,17-9128-3_R4C15_plot60,9128-3,2018-11-28,,,,,,,,,,,,
Sendusu,SE201811_(163185C1/132452),Entukura_16_Phase3_R6C7,Entukura,1,17-9128-3_R4C7_plot52,9128-3,2018-11-28,,,,,,,,,,,,
Sendusu,SE201811_(163189C1/132514),Kazirakwe_16_Phase3_R29C4,ITC1355,1,17-7197-2_R12C6_plot171,7197-2,2018-11-17,,,,,,,,,,,,
Sendusu,SE201811_(163210C1/132425),Entukura_16_Phase3_R6C9,Entukura,1,17-9128-3_R5C1_plot61,9128-3,2018-11-05,,,,,,,,,,,,
Sendusu,SE201811_(163221C1/132403),Kabucuragye_16_Phase3_R20C7,Kabucuragye,1,17-8075-7_R1C8_plot8,8075-7,2018-11-19,,,,,,,,,,,,
Sendusu,SE201811_(163239C1/132316),Nfuuka_16_Phase3_R15C2,Nfuuka,1,17-8075-7_R2C1_plot16,8075-7,2018-11-23,,,,,,,,,,,,
Sendusu,SE201811_(163244C1/132339),Kazirakwe_16_Phase3_R30C2,ITC1355,1,17-8075-7_R2C14_plot29,8075-7,2018-11-27,,,,,,,,,,,,
Sendusu,SE201811_(163252C1/132348),Enzirabahima_16_Phase3_R27C2,ITC1354,1,17-7197-2_R11C3_plot153,7197-2,2018-11-19,,,,,,,,,,,,
Sendusu,SE201811_(163257C1/132566),Nakasabira_16_Phase3_R32C4,Nakasabira,1,17-8075-7_R1C2_plot2,8075-7,2018-11-13,2019-02-11,,,,,,,,,,90,
Sendusu,SE201811_(163288C1/132566),Nakyetengu_16_Phase3_R7C3,IITA-Nakyetengu,1,17-8075-7_R1C2_plot2,8075-7,2018-11-08,2019-02-11,,,,,,,,,,95,
Sendusu,SE201811_(163290C1/132498),Nfuuka_16_Phase3_R13C3,Nfuuka,1,17-9128-3_R4C1_plot46,9128-3,2018-11-12,2019-02-08,,,,,,,,,,88,
Sendusu,SE201811_(163327C1/132522),Nakasabira_16_Phase3_R31C4,Nakasabira,1,17-5265-1_R9C5_plot125,TMB2X5265-1,2018-11-06,,,,,,,,,,,,
Sendusu,SE201811_(163331C1/132649),Nakasabira_16_Phase3_R32C1,Nakasabira,1,17-9128-3_R4C11_plot56,9128-3,2018-11-19,,,,,,,,,,,,
Sendusu,SE201811_(163332C1/132505),Nakyetengu_16_Phase3_R8C10,IITA-Nakyetengu,1,17-SH3217_R13C3_plot183,SH3217,2018-11-05,,,,,,,,,,,,
Sendusu,SE201811_(163370C1/132610),Kazirakwe_16_Phase3_R29C2,ITC1355,1,17-8075-7_R1C7_plot7,8075-7,2018-11-05,,,,,,,,,,,,
Sendusu,SE201811_(163373C1/132425),Enzirabahima_16_Phase3_R27C7,ITC1354,1,17-9128-3_R5C1_plot61,9128-3,2018-11-02,,,,,,,,,,,,
Sendusu,SE201811_(163402C1/132522),Tereza_16_Phase3_R18C1,Tereza,1,17-5265-1_R9C5_plot125,TMB2X5265-1,2018-11-27,,,,,,,,,,,,
Sendusu,SE201811_(163404C1/132348),Entukura_16_Phase3_R4C4,Entukura,1,17-7197-2_R11C3_plot153,7197-2,2018-11-12,,,,,,,,,,,,
Sendusu,SE201811_(163407C1/132348),Enzirabahima_16_Phase3_R26C4,ITC1354,1,17-7197-2_R11C3_plot153,7197-2,2018-11-08,,,,,,,,,,,,
Sendusu,SE201812_(162384C1/132325),29275S-1_14_R8P3,29275S-1,1,17-10969s-1_R22C1_plot316,10969S-1,2018-12-12,,,,,,,,,,,,
Sendusu,SE201812_(162398C1/132316),29364S-2_14_R12P2,29364S-2,1,17-8075-7_R2C1_plot16,8075-7,2018-12-19,,,,,,,,,,,,
Sendusu,SE201812_(162428C1/132354),29275S-1_14_R8P4,29275S-1,1,17-10969s-1_R23C10_plot340,10969S-1,2018-12-17,,,,,,,,,,,,
Sendusu,SE201812_(162435C1/132708),29364S-2_14_R12P3,29364S-2,1,17-7197-2_R11C14_plot164,7197-2,2018-12-27,,,,,,,,,,,,
Sendusu,SE201812_(162438C1/132631),25974S-17_14_R5P8,25974S-17,1,17-7197-2_R10C7_plot142,7197-2,2018-12-19,,,,,,,,,,,,
Sendusu,SE201812_(162484C1/132332),29275S-4_14_R2P3,29275S-4,1,17-8075-7_R1C11_plot11,8075-7,2018-12-28,,,,,,,,,,,,
Sendusu,SE201812_(162486C1/132608),29275S-4_14_R1P6,29275S-4,1,17-8075-7_R3C3_plot33,8075-7,2018-12-07,,,,,,,,,,,,
Sendusu,SE201812_(162494C1/132684),29364S-2_14_R12P1,29364S-2,1,17-7197-2_R11C5_plot155,7197-2,2018-12-13,,,,,,,,,,,,
Sendusu,SE201812_(162500C1/132625),Entukura_14_Phase1_R5C14,Entukura,1,17-SH3362_R19C7_plot277,SH3362,2018-12-20,,,,,,,,,,,,
Sendusu,SE201812_(162526C1/132684),Entukura_14_Phase1_R4C11,Entukura,1,17-7197-2_R11C5_plot155,7197-2,2018-12-03,,,,,,,,,,,,
Sendusu,SE201812_(162577C1/132624),Entukura_14_Phase1_R6C13,Entukura,1,17-5265-1_R8C3_plot108,TMB2X5265-1,2018-12-22,,,,,,,,,,,,
Sendusu,SE201812_(162623C1/132522),Nakyetengu_14_Phase1_R8C2,IITA-Nakyetengu,1,17-5265-1_R9C5_plot125,TMB2X5265-1,2018-12-04,,,,,,,,,,,,
Sendusu,SE201812_(162654C1/132379),Nakasabira_14_Phase1_R33C3,Nakasabira,1,17-9128-3_R4C4_plot49,9128-3,2018-12-24,,,,,,,,,,,,
Sendusu,SE201812_(162681C1/132316),Entukura_14_Phase1_R5C7,Entukura,1,17-8075-7_R2C1_plot16,8075-7,2018-12-04,,,,,,,,,,,,
Sendusu,SE201812_(162682C1/132707),Enzirabahima_14_Phase1_R25C16,ITC1354,1,17-8075-7_R3C4_plot34,8075-7,2018-12-07,,,,,,,,,,,,
Sendusu,SE201812_(162742C1/132316),Nfuuka_14_Phase1_R13C1,Nfuuka,1,17-8075-7_R2C1_plot16,8075-7,2018-12-24,,,,,,,,,,,,
Sendusu,SE201812_(162745C1/132348),Nfuuka_14_Phase1_R15C7,Nfuuka,1,17-7197-2_R11C3_plot153,7197-2,2018-12-26,,,,,,,,,,,,
Sendusu,SE201812_(162763C1/132684),Nfuuka_14_Phase1_R14C11,Nfuuka,1,17-7197-2_R11C5_plot155,7197-2,2018-12-12,,,,,,,,,,,,
Sendusu,SE201812_(162840C1/132522),Nakyetengu_14_Phase1_R9C2,IITA-Nakyetengu,1,17-5265-1_R9C5_plot125,TMB2X5265-1,2018-12-13,,,,,,,,,,,,
Sendusu,SE201812_(162847C1/132330),Tereza_14_Phase1_R18C9,Tereza,1,17-8075-7_R3C1_plot31,8075-7,2018-12-28,,,,,,,,,,,,
Sendusu,SE201812_(162851C1/132707),Entukura_14_Phase1_R6C12,Entukura,1,17-8075-7_R3C4_plot34,8075-7,2018-12-03,,,,,,,,,,,,
Sendusu,SE201812_(162870C1/132625),Entukura_14_Phase1_R6C18,Entukura,1,17-SH3362_R19C7_plot277,SH3362,2018-12-04,,,,,,,,,,,,
Sendusu,SE201812_(162890C1/132316),Nfuuka_14_Phase1_R14C8,Nfuuka,1,17-8075-7_R2C1_plot16,8075-7,2018-12-26,,,,,,,,,,,,
Sendusu,SE201812_(162892C1/132498),Enzirabahima_14_Phase1_R26C15,ITC1354,1,17-9128-3_R4C1_plot46,9128-3,2018-12-07,,,,,,,,,,,,
Sendusu,SE201812_(162935C1/132514),Tereza_14_Phase2_R18C8,Tereza,1,17-7197-2_R12C6_plot171,7197-2,2018-12-07,,,,,,,,,,,,
Sendusu,SE201812_(162947C1/132697),Kazirakwe_14_Phase2_R28C10,ITC1355,1,17-SH3217_R13C5_plot185,SH3217,2018-12-24,,,,,,,,,,,,
Sendusu,SE201812_(162971C1/132332),Kazirakwe_14_Phase2_R29C7,ITC1355,1,17-8075-7_R1C11_plot11,8075-7,2018-12-20,,,,,,,,,,,,
Sendusu,SE201812_(162992C1/132484),Kazirakwe_14_Phase2_R29C8,ITC1355,1,17-7197-2_R12C12_plot177,7197-2,2018-12-20,,,,,,,,,,,,
Sendusu,SE201812_(163006C1/132555),Kazirakwe_14_Phase2_R28C4,ITC1355,1,17-9128-3_R4C15_plot60,9128-3,2018-12-28,,,,,,,,,,,,
Sendusu,SE201812_(163062C1/132348),Nakasabira_14_Phase2_R33C10,Nakasabira,1,17-7197-2_R11C3_plot153,7197-2,2018-12-10,,,,,,,,,,,,
Sendusu,SE201812_(163063C1/132552),Nfuuka_14_Phase2_R14C4,Nfuuka,1,17-7197-2_R10C3_plot138,7197-2,2018-12-27,,,,,,,,,,,,
Sendusu,SE201812_(163073C1/132608),Entukura_14_Phase2_R4C10,Entukura,1,17-8075-7_R3C3_plot33,8075-7,2018-12-15,,,,,,,,,,,,
Sendusu,SE201812_(163091C1/132608),Nakasabira_14_Phase2_R32C1,Nakasabira,1,17-8075-7_R3C3_plot33,8075-7,2018-12-08,,,,,,,,,,,,
Sendusu,SE201812_(163113C1/132505),Kabucuragye_14_Phase2_R20C6,Kabucuragye,1,17-SH3217_R13C3_plot183,SH3217,2018-12-12,,,,,,,,,,,,
Sendusu,SE201812_(163127C1/132533),Nakyetengu_14_Phase2_R7C10,IITA-Nakyetengu,1,17-8075-7_R2C5_plot20,8075-7,2018-12-04,,,,,,,,,,,,
Sendusu,SE201812_(163135C1/132514),Enzirabahima_14_Phase2_R25C5,ITC1354,1,17-7197-2_R12C6_plot171,7197-2,2018-12-24,,,,,,,,,,,,
Sendusu,SE201812_(163136C1/132709),Kabucuragye_14_Phase2_R19C10,Kabucuragye,1,17-SH3217_R14C1_plot196,SH3217,2018-12-03,,,,,,,,,,,,
Sendusu,SE201812_(163139C1/132316),Nakasabira_14_Phase2_R33C9,Nakasabira,1,17-8075-7_R2C1_plot16,8075-7,2018-12-26,,,,,,,,,,,,
Sendusu,SE201812_(163146C1/132452),Nakasabira_14_Phase2_R31C9,Nakasabira,1,17-9128-3_R4C7_plot52,9128-3,2018-12-12,,,,,,,,,,,,
Sendusu,SE201812_(163172C1/132379),Nakyetengu_16_Phase3_R7C2,IITA-Nakyetengu,1,17-9128-3_R4C4_plot49,9128-3,2018-12-05,,,,,,,,,,,,
Sendusu,SE201812_(163201C1/132522),Nakyetengu_16_Phase3_R7C1,IITA-Nakyetengu,1,17-5265-1_R9C5_plot125,TMB2X5265-1,2018-12-14,,,,,,,,,,,,
Sendusu,SE201812_(163215C1/132484),Tereza_16_Phase3_R18C4,Tereza,1,17-7197-2_R12C12_plot177,7197-2,2018-12-05,,,,,,,,,,,,
Sendusu,SE201812_(163218C1/132505),Nakasabira_16_Phase3_R31C1,Nakasabira,1,17-SH3217_R13C3_plot183,SH3217,2018-12-26,,,,,,,,,,,,
Sendusu,SE201812_(163219C1/132522),Enzirabahima_16_Phase3_R25C3,ITC1354,1,17-5265-1_R9C5_plot125,TMB2X5265-1,2018-12-07,,,,,,,,,,,,
Sendusu,SE201812_(163251C1/132649),Kazirakwe_16_Phase3_R29C1,ITC1355,1,17-9128-3_R4C11_plot56,9128-3,2018-12-03,,,,,,,,,,,,
Sendusu,SE201812_(163253C1/132379),Kabucuragye_16_Phase3_R21C5,Kabucuragye,1,17-9128-3_R4C4_plot49,9128-3,2018-12-17,,,,,,,,,,,,
Sendusu,SE201812_(163264C1/132514),Kazirakwe_16_Phase3_R28C1,ITC1355,1,17-7197-2_R12C6_plot171,7197-2,2018-12-05,,,,,,,,,,,,
Sendusu,SE201812_(163287C1/132697),Enzirabahima_16_Phase3_R26C10,ITC1354,1,17-SH3217_R13C5_plot185,SH3217,2018-12-13,,,,,,,,,,,,
Sendusu,SE201812_(163316C1/132373),Kazirakwe_16_Phase3_R28C9,ITC1355,1,17-7197-2_R12C3_plot168,7197-2,2018-12-04,,,,,,,,,,,,
Sendusu,SE201812_(163330C1/132401),Kabucuragye_16_Phase3_R19C3,Kabucuragye,1,17-9128-3_R4C2_plot47,9128-3,2018-12-27,,,,,,,,,,,,
Sendusu,SE201812_(163345C1/132332),Entukura_16_Phase3_R5C9,Entukura,1,17-8075-7_R1C11_plot11,8075-7,2018-12-17,,,,,,,,,,,,
Sendusu,SE201812_(163357C1/132381),Kabucuragye_16_Phase3_R21C1,Kabucuragye,1,17-8075-7_R2C9_plot24,8075-7,2018-12-17,,,,,,,,,,,,
Sendusu,SE201812_(163387C1/132332),Nakyetengu_16_Phase3_R8C6,IITA-Nakyetengu,1,17-8075-7_R1C11_plot11,8075-7,2018-12-27,,,,,,,,,,,,
Sendusu,SE201812_(163391C1/132709),Entukura_16_Phase3_R4C6,Entukura,1,17-SH3217_R14C1_plot196,SH3217,2018-12-20,,,,,,,,,,,,
Sendusu,SE201812_(163403C1/132401),Nakyetengu_16_Phase3_R7C8,IITA-Nakyetengu,1,17-9128-3_R4C2_plot47,9128-3,2018-12-27,,,,,,,,,,,,
Sendusu,SE201812_(163407C1/132316),Enzirabahima_16_Phase3_R26C4,ITC1354,1,17-8075-7_R2C1_plot16,8075-7,2018-12-24,,,,,,,,,,,,
Sendusu,SE201901_(162354C1/132316),29364S-2_14_R11P2,29364S-2,1,17-8075-7_R2C1_plot16,8075-7,2019-01-14,,,,,,,,,,,,
Sendusu,SE201901_(162517C1/132348),Kazirakwe_14_Phase1_R30C8,ITC1355,1,17-7197-2_R11C3_plot153,7197-2,2018-10-31,,,,,,,,,,,,
Sendusu,SE201901_(162520C1/132348),Tereza_14_Phase1_R16C1,Tereza,1,17-7197-2_R11C3_plot153,7197-2,2019-01-17,,,,,,,,,,,,
Sendusu,SE201901_(162528C1/132316),Tereza_14_Phase1_R18C10,Tereza,1,17-8075-7_R2C1_plot16,8075-7,2019-01-14,,,,,,,,,,,,
Sendusu,SE201901_(162535C1/132576),Enzirabahima_14_Phase1_R26C3,ITC1354,1,17-SH3362_R18C13_plot268,SH3362,2019-01-18,,,,,,,,,,,,
Sendusu,SE201901_(162589C1/132635),Enzirabahima_14_Phase1_R27C8,ITC1354,1,17-7197-2_R12C2_plot167,7197-2,2019-01-15,,,,,,,,,,,,
Sendusu,SE201901_(162595C1/132709),Nakyetengu_14_Phase1_R9C6,IITA-Nakyetengu,1,17-SH3217_R14C1_plot196,SH3217,2018-10-31,,,,,,,,,,,,
Sendusu,SE201901_(162605C1/132374),Entukura_14_Phase1_R6C1,Entukura,1,17-SH3217_R13C4_plot184,SH3217,2019-01-18,,,,,,,,,,,,
Sendusu,SE201901_(162612C1/132330),Enzirabahima_14_Phase1_R25C18,ITC1354,1,17-8075-7_R3C1_plot31,8075-7,2018-10-31,,,,,,,,,,,,
Sendusu,SE201901_(162614C1/132709),Nfuuka_14_Phase1_R13C11,Nfuuka,1,17-SH3217_R14C1_plot196,SH3217,2019-01-14,,,,,,,,,,,,
Sendusu,SE201901_(162620C1/132625),Nakasabira_14_Phase1_R32C14,Nakasabira,1,17-SH3362_R19C7_plot277,SH3362,2018-10-19,,,,,,,,,,,,
Sendusu,SE201901_(162627C1/132640),Enzirabahima_14_Phase1_R26C11,ITC1354,1,17-5265-1_R9C3_plot123,TMB2X5265-1,2019-01-17,,,,,,,,,,,,
Sendusu,SE201901_(162672C1/132379),Nfuuka_14_Phase1_R14C10,Nfuuka,1,17-9128-3_R4C4_plot49,9128-3,2019-01-11,,,,,,,,,,,,
Sendusu,SE201901_(162685C1/132709),Nakasabira_14_Phase1_R31C3,Nakasabira,1,17-SH3217_R14C1_plot196,SH3217,2018-10-19,,,,,,,,,,,,
Sendusu,SE201901_(162701C1/132379),Entukura_14_Phase1_R6C6,Entukura,1,17-9128-3_R4C4_plot49,9128-3,2019-01-17,,,,,,,,,,,,
Sendusu,SE201901_(162726C1/132433),Tereza_14_Phase1_R18C2,Tereza,1,17-5265-1_R8C8_plot113,TMB2X5265-1,2019-01-18,,,,,,,,,,,,
Sendusu,SE201901_(162727C1/132566),Entukura_14_Phase1_R4C18,Entukura,1,17-8075-7_R1C2_plot2,8075-7,2018-10-19,,,,,,,,,,,,
Sendusu,SE201901_(162755C1/132649),Enzirabahima_14_Phase1_R25C5,ITC1354,1,17-9128-3_R4C11_plot56,9128-3,2018-11-14,,,,,,,,,,,,
Sendusu,SE201901_(162758C1/132709),Tereza_14_Phase1_R17C17,Tereza,1,17-SH3217_R14C1_plot196,SH3217,2019-01-17,,,,,,,,,,,,
Sendusu,SE201901_(162761C1/132425),Nfuuka_14_Phase1_R14C12,Nfuuka,1,17-9128-3_R5C1_plot61,9128-3,2018-10-18,,,,,,,,,,,,
Sendusu,SE201901_(162776C1/132696),Entukura_14_Phase1_R4C2,Entukura,1,17-8075-7_R1C3_plot3,8075-7,2019-01-05,,,,,,,,,,,,
Sendusu,SE201901_(162786C1/132635),Enzirabahima_14_Phase1_R27C17,ITC1354,1,17-7197-2_R12C2_plot167,7197-2,2019-01-14,,,,,,,,,,,,
Sendusu,SE201901_(162799C1/132348),Nakasabira_14_Phase1_R33C6,Nakasabira,1,17-7197-2_R11C3_plot153,7197-2,2019-01-15,,,,,,,,,,,,
Sendusu,SE201901_(162814C1/132379),Tereza_14_Phase1_R18C11,Tereza,1,17-9128-3_R4C4_plot49,9128-3,2019-01-17,,,,,,,,,,,,
Sendusu,SE201901_(162861C1/132505),Nakasabira_14_Phase1_R32C10,Nakasabira,1,17-SH3217_R13C3_plot183,SH3217,2018-11-14,2019-02-11,,,,,,,,,,89,
Sendusu,SE201901_(162873C1/132635),Enzirabahima_14_Phase1_R26C18,ITC1354,1,17-7197-2_R12C2_plot167,7197-2,2018-10-16,,,,,,,,,,,,
Sendusu,SE201901_(162889C1/132625),Entukura_14_Phase1_R6C4,Entukura,1,17-SH3362_R19C7_plot277,SH3362,2019-01-21,,,,,,,,,,,,
Sendusu,SE201901_(162921C1/132316),Nfuuka_14_Phase1_R15C2,Nfuuka,1,17-8075-7_R2C1_plot16,8075-7,2019-01-17,,,,,,,,,,,,
Sendusu,SE201901_(162945C1/132433),Entukura_14_Phase2_R6C7,Entukura,1,17-5265-1_R8C8_plot113,TMB2X5265-1,2019-01-15,,,,,,,,,,,,
Sendusu,SE201901_(162983C1/132425),Nakyetengu_14_Phase2_R9C10,IITA-Nakyetengu,1,17-9128-3_R5C1_plot61,9128-3,2018-10-16,,,,,,,,,,,,
Sendusu,SE201901_(163002C1/132635),Nakasabira_14_Phase2_R33C6,Nakasabira,1,17-7197-2_R12C2_plot167,7197-2,2019-01-15,,,,,,,,,,,,
Sendusu,SE201901_(163003C1/132625),Nakasabira_14_Phase2_R31C8,Nakasabira,1,17-SH3362_R19C7_plot277,SH3362,2018-11-14,2019-02-11,,,,,,,,,,89,
Sendusu,SE201901_(163020C1/132512),Nakasabira_14_Phase2_R32C3,Nakasabira,1,17-7197-2_R12C4_plot169,7197-2,2018-10-31,,,,,,,,,,,,
Sendusu,SE201901_(163058C1/132381),Tereza_14_Phase2_R16C9,Tereza,1,17-8075-7_R2C9_plot24,8075-7,2019-01-19,,,,,,,,,,,,
Sendusu,SE201901_(163080C1/132576),Tereza_14_Phase2_R16C1,Tereza,1,17-SH3362_R18C13_plot268,SH3362,2019-01-18,,,,,,,,,,,,
Sendusu,SE201901_(163108C1/132505),Nfuuka_14_Phase2_R13C10,Nfuuka,1,17-SH3217_R13C3_plot183,SH3217,2018-10-31,,,,,,,,,,,,
Sendusu,SE201901_(163145C1/132624),Entukura_14_Phase2_R6C2,Entukura,1,17-5265-1_R8C3_plot108,TMB2X5265-1,2019-01-18,,,,,,,,,,,,
Sendusu,SE201901_(163161C1/132624),Entukura_14_Phase2_R4C9,Entukura,1,17-5265-1_R8C3_plot108,TMB2X5265-1,2018-10-31,,,,,,,,,,,,
Sendusu,SE201901_(163203C1/132696),Entukura_16_Phase3_R5C1,Entukura,1,17-8075-7_R1C3_plot3,8075-7,2019-01-19,,,,,,,,,,,,
Sendusu,SE201901_(163237C1/132548),Kazirakwe_16_Phase3_R28C6,ITC1355,1,17-9128-3_R5C5_plot65,9128-3,2019-01-08,,,,,,,,,,,,
Sendusu,SE201901_(163254C1/132441),Nakyetengu_16_Phase3_R8C9,IITA-Nakyetengu,1,17-5265-1_R8C2_plot107,TMB2X5265-1,2018-10-23,,,,,,,,,,,,
Sendusu,SE201901_(163293C1/132640),Entukura_16_Phase3_R6C6,Entukura,1,17-5265-1_R9C3_plot123,TMB2X5265-1,2019-01-14,,,,,,,,,,,,
Sendusu,SE201902_(162368C1/132466),25974S-17_14_R4P1,25974S-17,1,17-8075-7_R1C1_plot1,8075-7,2019-02-14,,,,,,,,,,,,
Sendusu,SE201902_(162371C1/132494),29275S-1_14_R8P8,29275S-1,1,17-7197-2_R11C8_plot158,7197-2,2019-02-14,,,,,,,,,,,,
Sendusu,SE201902_(162421C1/132608),29275S-1_14_R7P3,29275S-1,1,17-8075-7_R3C3_plot33,8075-7,2019-02-14,,,,,,,,,,,,
Sendusu,SE201902_(162450C1/132447),25974S-17_14_R5P1,25974S-17,1,17-8075-7_R3C9_plot39,8075-7,2019-02-08,,,,,,,,,,,,
Sendusu,SE201902_(162565C1/132361),Enzirabahima_14_Phase1_R25C3,ITC1354,1,17-7197-2_R10C4_plot139,7197-2,2019-02-12,,,,,,,,,,,,
Sendusu,SE201902_(162579C1/132594),Entukura_14_Phase1_R5C6,Entukura,1,17-5265-1_R9C6_plot126,TMB2X5265-1,2019-02-12,,,,,,,,,,,,
Sendusu,SE201902_(162592C1/132708),Entukura_14_Phase1_R5C5,Entukura,1,17-7197-2_R11C14_plot164,7197-2,2019-02-09,,,,,,,,,,,,
Sendusu,SE201902_(162601C1/132441),Kazirakwe_14_Phase1_R30C7,ITC1355,1,17-5265-1_R8C2_plot107,TMB2X5265-1,2019-02-14,,,,,,,,,,,,
Sendusu,SE201902_(162657C1/132386),Entukura_14_Phase1_R6C16,Entukura,1,17-5265-1_R9C11_plot131,TMB2X5265-1,2019-02-13,,,,,,,,,,,,
Sendusu,SE201902_(162707C1/132507),Enzirabahima_14_Phase1_R26C13,ITC1354,1,17-9128-3_R4C6_plot51,9128-3,2019-02-07,,,,,,,,,,,,
Sendusu,SE201902_(162713C1/132452),Entukura_14_Phase1_R6C15,Entukura,1,17-9128-3_R4C7_plot52,9128-3,2019-02-09,,,,,,,,,,,,
Sendusu,SE201902_(162720C1/132374),Nfuuka_14_Phase1_R14C6,Nfuuka,1,17-SH3217_R13C4_plot184,SH3217,2019-02-09,,,,,,,,,,,,
Sendusu,SE201902_(162730C1/132470),Nfuuka_14_Phase1_R13C17,Nfuuka,1,17-7197-2_R10C9_plot144,7197-2,2019-02-12,,,,,,,,,,,,
Sendusu,SE201902_(162741C1/132612),Entukura_14_Phase1_R5C2,Entukura,1,17-8075-7_R2C11_plot26,8075-7,2019-02-12,,,,,,,,,,,,
Sendusu,SE201902_(162782C1/132393),Nfuuka_14_Phase1_R15C3,Nfuuka,1,17-8075-7_R2C8_plot23,8075-7,2019-02-09,,,,,,,,,,,,
Sendusu,SE201902_(162888C1/132393),Nakyetengu_14_Phase1_R8C3,IITA-Nakyetengu,1,17-8075-7_R2C8_plot23,8075-7,2019-02-12,,,,,,,,,,,,
Sendusu,SE201902_(162898C1/132624),Enzirabahima_14_Phase1_R25C8,ITC1354,1,17-5265-1_R8C3_plot108,TMB2X5265-1,2019-02-07,,,,,,,,,,,,
Sendusu,SE201902_(162941C1/132680),Entukura_14_Phase2_R5C6,Entukura,1,17-SH3362_R19C8_plot278,SH3362,2019-02-11,,,,,,,,,,,,
Sendusu,SE201902_(162977C1/132452),Nakyetengu_14_Phase2_R9C8,IITA-Nakyetengu,1,17-9128-3_R4C7_plot52,9128-3,2019-02-11,,,,,,,,,,,,
Sendusu,SE201902_(163060C1/132680),Enzirabahima_14_Phase2_R26C2,ITC1354,1,17-SH3362_R19C8_plot278,SH3362,2019-02-09,,,,,,,,,,,,
Sendusu,SE201902_(163092C1/132447),Nakyetengu_14_Phase2_R8C10,IITA-Nakyetengu,1,17-8075-7_R3C9_plot39,8075-7,2019-02-12,,,,,,,,,,,,
Sendusu,SE201902_(163152C1/132512),Nfuuka_14_Phase2_R15C5,Nfuuka,1,17-7197-2_R12C4_plot169,7197-2,2019-02-11,,,,,,,,,,,,
Sendusu,SE201902_(163170C1/132355),Enzirabahima_14_Phase2_R27C1,ITC1354,1,17-9128-3_R6C1_plot76,9128-3,2019-02-13,,,,,,,,,,,,
Sendusu,SE201902_(163190C1/132708),Tereza_16_Phase3_R16C5,Tereza,1,17-7197-2_R11C14_plot164,7197-2,2019-02-07,,,,,,,,,,,,
Sendusu,SE201902_(163233C1/132641),Kabucuragye_16_Phase3_R20C9,Kabucuragye,1,17-7197-2_R10C14_plot149,7197-2,2019-02-14,,,,,,,,,,,,
Sendusu,SE201902_(163238C1/132696),Tereza_16_Phase3_R17C10,Tereza,1,17-8075-7_R1C3_plot3,8075-7,2019-02-11,,,,,,,,,,,,
Sendusu,SE201902_(163249C1/132594),Tereza_16_Phase3_R18C2,Tereza,1,17-5265-1_R9C6_plot126,TMB2X5265-1,2019-02-07,,,,,,,,,,,,
Sendusu,SE201902_(163289C1/132383),Entukura_16_Phase3_R6C1,Entukura,1,17-7197-2_R10C5_plot140,7197-2,2019-02-11,,,,,,,,,,,,
Sendusu,SE201902_(163323C1/132361),Tereza_16_Phase3_R17C7,Tereza,1,17-7197-2_R10C4_plot139,7197-2,2019-02-08,,,,,,,,,,,,
Arusha,T1476,,IITA 02145/1320,,,Paliama,2015-01-07,2015-12-15,2015-12-22,0,,,,,,,,342,7
Arusha,T1497,,Calcutta 4,,,Zebrina GF,2015-01-23,2015-12-02,2015-12-10,0,,,,,,,,313,8
Arusha,T1508,,IITA 02145/1320,,,Guyod,2015-02-06,2015-12-02,2015-12-10,0,,,,,,,,299,8
Arusha,T1512,,IITA 02145/1320,,,Guyod,2015-02-09,2016-02-10,2016-02-19,0,,,,,,,,366,9
Arusha,T1515,,Calcutta 4,,,Zebrina GF,2015-02-12,2015-11-04,2015-11-12,0,,,,,,,,265,8
Arusha,T1534,,IITA 02145/1320,,,Paliama,2015-02-27,2015-12-07,2015-12-14,0,,,,,,,,283,7
Arusha,T1535,,IITA 02145/1320,,,Guyod,2015-03-02,2015-12-15,2015-12-22,0,,,,,,,,288,7
Arusha,T1542,,Pisang Pahang,,,Guyod,2015-03-06,2015-09-24,2015-10-02,2,2,2,2015-10-02,,,2015-12-01,0,202,8
Arusha,T1546,,IITA 02145/1320,,,Guyod,2015-03-09,2015-12-07,2015-12-14,0,,,,,,,,273,7
Arusha,T1549,,IITA 02145/1320,,,Paliama,2015-03-14,2015-12-15,2015-12-22,0,,,,,,,,276,7
Arusha,T1550,,Huti-white,,,cv-Rose,2015-03-16,2015-10-17,2015-10-25,0,,,,,,,,215,8
Arusha,T1557,,IITA 02145/1320,,,Guyod,2015-03-19,2016-01-11,2016-01-20,0,,,,,,,,298,9
Arusha,T1561,,Pisang Pahang,,,Guyod,2015-03-21,2015-10-12,2015-10-20,7,4,1,2015-10-22,,,2015-12-21,0,205,8
Arusha,T1562,,IITA 02145/1320,,,Paliama,2015-03-23,2016-01-11,2016-01-20,19,19,14,2016-01-22,,,2016-03-22,2,294,9
Arusha,T1563,,IITA 02145/1320,,,Guyod,2015-03-23,2015-12-07,2015-12-14,0,,,,,,,,259,7
Arusha,T1566,,IITA 02145/1320,,,Guyod,2015-03-27,2016-01-13,2016-01-26,0,,,,,,,,292,13
Arusha,T1569,,IITA 02145/1320,,,Paliama,2015-03-30,2016-01-11,2016-01-20,16,16,15,2016-01-22,,,2016-03-22,5,287,9
Arusha,T1570,,IITA 02145/1320,,,Guyod,2015-03-30,2016-02-10,2016-02-18,0,,,,,,,,317,8
Arusha,T1571,,IITA 02145/1320,,,Guyod,2015-03-30,2016-02-10,2016-02-18,0,,,,,,,,317,8
Arusha,T1573,,IITA 02145/1320,,,Paliama,2015-04-01,2016-02-04,2016-02-11,0,,,,,,,,309,7
Arusha,T1576,,Guyod,,,cv-Rose,2015-04-06,2015-09-24,2015-10-02,7,7,2,2015-10-02,,,2015-12-01,1,171,8
Arusha,T1577,,IITA 02145/1320,,,Paliama,2015-04-06,2016-01-20,2016-02-01,10,10,6,2016-03-01,,,2016-03-03,6,289,12
Arusha,T1578,,Kisukari Mchare,,,Calcutta 4,2015-04-09,2015-10-12,2015-10-20,0,,,,,,,,186,8
Arusha,T1581,,SH3142,,,Paliama,2015-04-13,2015-10-23,2015-11-06,1000,30,2,2015-11-09,,,2016-01-08,0,193,14
Arusha,T1584,,Nakitengwa,,,Paliama,2015-04-15,2015-10-12,2015-10-20,0,,,,,,,,180,8
Arusha,T1588,,IITA 02145/1320,,,cv-Rose,2015-04-22,2016-01-11,2016-01-20,58,30,29,2016-01-22,,,2016-03-22,3,264,9
Arusha,T1589,,IITA 02145/1320,,,Zebrina GF,2015-04-22,2016-01-13,2016-01-26,0,,,,,,,,266,13
Arusha,T1591,,IITA 02145/1320,,,Zebrina GF,2015-04-23,2016-02-10,2016-02-19,0,,,,,,,,293,9
Arusha,T1593,,Pisang Pahang,,,Guyod,2015-04-24,2016-01-11,2016-01-20,0,,,,,,,,262,9
Arusha,T1598,,IITA 02145/1320,,,cv-Rose,2015-04-27,2016-01-11,2016-01-20,165,35,34,2016-01-22,,,2016-03-22,19,259,9
Arusha,T1599,,IITA 02145/1320,,,Zebrina GF,2015-04-27,2016-03-10,2016-03-17,0,,,,,,,,318,7
Arusha,T1600,,Kisukari Mchare,,,SH3142,2015-04-27,2015-11-04,2015-11-12,0,,,,,,,,191,8
Arusha,T1601,,Guyod,,,SH3142,2015-04-27,2015-10-23,2015-11-05,22,14,0,2015-11-09,,,2016-01-08,0,179,13
Arusha,T1602,,Nakitengwa,,,Guyod,2015-04-27,2015-10-23,2015-11-03,0,,,,,,,,179,11
Arusha,T1605,,IITA 02145/1320,,,cv-Rose,2015-04-28,2016-01-26,2016-02-01,5,5,3,2016-02-01,,,2016-04-01,2,273,6
Arusha,T1606,,Calcutta 4,,,Zebrina GF,2015-04-28,2015-10-17,2015-10-25,0,,,,,,,,172,8
Arusha,T1608,,IITA 02145/1320,,,cv-Rose,2015-04-30,2016-01-22,2016-02-01,9,9,8,2016-02-01,,,2016-04-01,5,267,10
Arusha,T1610,,IITA 02145/1320,,,Zebrina GF,2015-05-01,2016-01-27,2016-02-01,38,38,31,2016-02-01,,,2016-04-01,25,271,5
Arusha,T1611,,Kisukari Mchare,,,Borneo,2015-05-01,2015-10-23,2015-11-03,0,,,,,,,,175,11
Arusha,T1612,,Nakitengwa,,,Paliama,2015-05-01,2015-10-17,2015-10-25,0,,,,,,,,169,8
Arusha,T1613,,Mlali,,,Calcutta 4,2015-05-02,2015-09-23,2015-10-02,9,9,5,2015-10-02,,,2015-12-01,0,144,9
Arusha,T1615,,Nakitengwa,,,Guyod,2015-05-04,2015-10-23,2015-11-03,0,,,,,,,,172,11
Arusha,T1616,,IITA 02145/1320,,,Zebrina GF,2015-05-05,2016-02-24,2016-03-03,0,,,,,,,,295,8
Arusha,T1617,,Kisukari Mchare,,,Borneo,2015-05-06,2015-11-04,2015-11-12,0,,,,,,,,182,8
Arusha,T1618,,Datil,,,Malaccensis,2015-05-08,2015-10-17,2015-10-25,14,10,5,2015-10-29,,,2015-11-28,0,162,8
Arusha,T1620,,Pahang,,,Guyod,2015-05-11,2015-11-25,2015-12-07,0,,,,,,,,198,12
Arusha,T1629,,Pahang,,,Guyod,2015-05-18,2015-11-04,2015-11-12,0,,,,,,,,170,8
Arusha,T1635,,Kisukari Mchare,,,cv-Rose,2015-05-22,2015-11-04,2015-11-12,0,,,,,,,,166,8
Arusha,T1637,,Waimara,,,Malaccensis,2015-05-25,2015-10-23,2015-11-06,28,17,8,2015-11-09,,,2016-01-08,0,151,14
Arusha,T1639,,IITA 02145/1320,,,Zebrina GF,2015-05-25,2016-02-11,2016-02-19,4,4,3,2016-02-24,,,2016-04-24,2,262,8
Arusha,T1641,,IITA 02145/1320,,,cv-Rose,2015-05-27,2016-03-10,2016-03-17,0,,,,,,,,288,7
Arusha,T1642,,IITA 02145/1320,,,cv-Rose,2015-05-28,2016-02-11,2016-02-19,11,5,3,2016-02-24,,,2016-04-24,2,259,8
Arusha,T1643,,cv-Rose,,,Paliama,2015-05-28,2015-11-04,2015-11-12,0,,,,,,,,160,8
Arusha,T1644,,IITA 02145/1320,,,Paliama,2015-05-28,2016-03-14,2016-03-21,0,,,,,,,,291,7
Arusha,T1645,,Yenai,,,Truncata,2015-05-29,2015-10-12,2015-10-20,0,,,,,,,,136,8
Arusha,T1646,,TMB2x 9128-3,,,Paliama,2015-06-01,2015-11-11,2015-11-19,0,,,,,,,,163,8
Arusha,T1647,,IITA 02145/1320,,,cv-Rose,2015-06-03,2016-03-03,2016-03-10,6,3,3,2016-03-11,,,2016-05-10,2,274,7
Arusha,T1648,,Ilalyi,,,Borneo,2015-06-03,2015-10-23,2015-11-03,2,2,1,2015-11-04,,,2016-01-03,0,142,11
Arusha,T1649,,IITA 02145/1320,,,cv-Rose,2015-06-05,2016-03-10,2016-03-17,0,,,,,,,,279,7
Arusha,T1650,,Nshonowa,,,Borneo,2015-06-05,2015-10-23,2015-11-06,0,,,,,,,,140,14
Arusha,T1651,,Nakitengwa,,,Paliama,2015-06-09,2015-11-25,2015-12-07,0,,,,,,,,169,12
Arusha,T1652,,Kisukari Mchare,,,SH3142,2015-06-09,2015-11-04,2015-11-12,0,,,,,,,,148,8
Arusha,T1653,,SH3142,,,Paliama,2015-06-10,2015-12-22,2016-01-07,100,2,2,2016-01-08,,,2016-03-08,0,195,16
Arusha,T1654,,Tjau Lagada,,,Guyod,2015-06-10,2016-03-14,2016-03-21,0,,,,,,,,278,7
Arusha,T1656,,Nshonowa,,,Calcutta 4,2015-06-11,2015-11-11,2015-11-19,0,,,,,,,,153,8
Arusha,T1657,,Kisukari Mchare,,,Borneo,2015-06-11,2015-11-04,2015-11-12,0,,,,,,,,146,8
Arusha,T1658,,Kisukari Mchare,,,Borneo,2015-06-12,2015-11-11,2015-11-19,0,,,,,,,,152,8
Arusha,T1661,,Kisukari Mchare,,,Calcutta 4,2015-06-16,2015-11-11,2015-11-19,0,,,,,,,,148,8
Arusha,T1664,,Pahang,,,Guyod,2015-06-19,2015-12-03,2015-12-10,5,28,28,2015-12-15,,,2016-02-13,24,167,7
Arusha,T1665,,IITA 02145/1320,,,cv-Rose,2015-06-19,2016-03-03,2016-03-10,4,2,2,2016-03-11,,,2016-05-10,2,258,7
Arusha,T1666,,Kwaro,,,Zebrina GF,2015-06-24,2015-10-23,2015-11-03,0,,,,,,,,121,11
Arusha,T1667,,Yenai,,,Malaccensis,2015-06-24,2015-10-12,2015-10-20,6,6,0,2015-10-22,,,2015-12-21,0,110,8
Arusha,T1668,,Kisukari Mchare,,,Calcutta 4,2015-06-26,2015-12-02,2015-12-10,0,,,,,,,,159,8
Arusha,T1669,,Pahang,,,Guyod,2015-06-27,2015-11-04,2015-11-12,0,,,,,,,,130,8
Arusha,T1670,,Nshonowa,,,Borneo,2015-06-27,2015-11-11,2015-11-19,0,,,,,,,,137,8
Arusha,T1671,,Kisukari Mchare,,,Calcutta 4,2015-06-27,2015-12-03,2015-12-10,0,,,,,,,,159,7
Arusha,T1672,,Kisukari Mchare,,,Borneo,2015-06-27,2015-11-04,2015-11-12,0,,,,,,,,130,8
Arusha,T1674,,Akondro mainty,,,Calcutta 4,2015-06-29,2015-12-22,2016-01-07,1,1,1,2016-01-08,,,2016-03-08,1,176,16
Arusha,T1675,,Nshonowa,,,Calcutta 4,2015-06-30,2015-11-11,2015-11-19,0,,,,,,,,134,8
Arusha,T1677,,Nshonowa,,,Borneo,2015-07-01,2015-11-11,2015-11-19,6,0,0,2015-11-20,,,2016-01-19,0,133,8
Arusha,T1679,,Kisukari Mchare,,,SH3142,2015-07-02,2015-11-11,2015-11-19,0,,,,,,,,132,8
Arusha,T1680,,Huti-white,,,Borneo,2015-07-02,2015-12-22,2016-01-07,1,0,0,2016-01-08,,,2016-03-08,0,173,16
Arusha,T1681,,Nshonowa,,,Borneo,2015-07-03,2015-11-11,2015-11-19,0,,,,,,,,131,8
Arusha,T1682,,Kisukari Mchare,,,Calcutta 4,2015-07-03,2015-12-02,2015-12-10,0,,,,,,,,152,8
Arusha,T1684,,Yenai,,,Malaccensis,2015-07-04,2015-10-23,2015-11-06,8,5,2,2015-11-09,,,2016-01-08,0,111,14
Arusha,T1685,,Kisukari Mchare,,,Calcutta 4,2015-07-06,2015-12-02,2015-12-10,0,,,,,,,,149,8
Arusha,T1687,,Huti-white,,,Calcutta 4,2015-07-06,2015-12-22,2016-01-07,9,9,9,2016-01-08,,,2016-03-08,1,169,16
Arusha,T1688,,IITA 02145/1320,,,cv-Rose,2015-07-06,2016-03-10,2016-03-17,0,,,,,,,,248,7
Arusha,T1689,,TMB2x 9128-3,,,Paliama,2015-07-07,2015-10-17,2015-10-25,0,,,,,,,,102,8
Arusha,T1691,,IITA 02145/1320,,,Zebrina GF,2015-07-08,2016-03-14,2016-03-21,0,,,,,,,,250,7
Arusha,T1692,,Nshonowa,,,Calcutta 4,2015-07-08,2015-12-02,2015-12-10,0,,,,,,,,147,8
Arusha,T1698,,cv-Rose,,,Guyod,2015-07-14,2016-02-10,2016-02-19,0,,,,,,,,211,9
Arusha,T1700,,Akondro mainty,,,Borneo,2015-07-14,2016-01-13,2016-01-26,0,,,,,,,,183,13
Arusha,T1706,,Nshonowa,,,Borneo,2015-07-20,2015-12-02,2015-12-10,0,,,,,,,,135,8
Arusha,T1707,,Akondro mainty,,,Calcutta 4,2015-07-20,2015-12-22,2016-01-07,0,,,,,,,,155,16
Arusha,T1708,,Akondro mainty,,,Borneo,2015-07-20,2015-12-15,2015-12-22,0,,,,,,,,148,7
Arusha,T1712,,Pahang,,,Guyod,2015-07-27,2015-12-03,2015-12-10,0,,,,,,,,129,7
Arusha,T1713,,Kisukari Mchare,,,Borneo,2015-07-27,2016-01-11,2016-01-20,0,,,,,,,,168,9
Arusha,T1714,,Akondro mainty,,,Calcutta 4,2015-07-27,2016-01-13,2016-01-26,0,,,,,,,,170,13
Arusha,T1716,,Akondro mainty,,,cv-Rose,2015-07-28,2016-01-13,2016-01-26,0,,,,,,,,169,13
Arusha,T1719,,cv-Rose,,,Paliama,2015-08-03,2016-01-26,2016-02-01,0,,,,,,,,176,6
Arusha,T1720,,cv-Rose,,,Guyod,2015-08-03,2016-03-29,2016-04-06,0,,,,,,,,239,8
Arusha,T1722,,Kisukari Mchare,,,Borneo,2015-08-03,2015-12-15,2015-12-22,0,,,,,,,,134,7
Arusha,T1723,,IITA 02145/1320,,,cv-Rose,2015-08-04,2016-02-24,2016-03-03,0,,,,,,,,204,8
Arusha,T1724,,Akondro mainty,,,Calcutta 4,2015-08-04,2016-01-13,2016-01-26,4,3,3,2016-01-29,,,2016-03-29,1,162,13
Arusha,T1725,,Akondro mainty,,,cv-Rose,2015-08-04,2016-01-11,2016-01-20,0,,,,,,,,160,9
Arusha,T1726,,cv-Rose,,,Paliama,2015-08-05,2016-02-10,2016-02-19,0,,,,,,,,189,9
Arusha,T1730,,Nshonowa,,,Borneo,2015-08-10,2015-12-22,2016-01-07,0,,,,,,,,134,16
Arusha,T1733,,cv-Rose,,,Guyod,2015-08-10,2015-12-02,2015-12-10,0,,,,,,,,114,8
Arusha,T1734,,cv-Rose,,,Paliama,2015-08-10,2016-01-13,2016-01-26,0,,,,,,,,156,13
Arusha,T1739,,Tjau Lagada,,,cv-Rose,2015-08-15,2016-03-10,2016-03-17,0,,,,,,,,208,7
Arusha,T1742,,Guyod,,,Paliama,2015-08-17,2016-01-13,2016-01-26,0,,,,,,,,149,13
Arusha,T1745,,Kisukari Mchare,,,Borneo,2015-08-17,2016-01-13,2016-01-26,0,,,,,,,,149,13
Arusha,T1747,,Akondro mainty,,,cv-Rose,2015-08-20,2016-02-24,2016-03-03,0,,,,,,,,188,8
Arusha,T1751,,Kisukari Mchare,,,Calcutta 4,2015-08-24,2016-01-11,2016-01-20,0,,,,,,,,140,9
Arusha,T1752,,Akondro mainty,,,Borneo,2015-08-24,2016-02-10,2016-02-19,0,,,,,,,,170,9
Arusha,T1753,,Huti-white,,,cv-Rose,2015-08-25,2016-02-10,2016-02-19,2,1,1,2016-02-25,,,2016-04-25,0,169,9
Arusha,T1755,,Kisukari Mchare,,,Calcutta 4,2015-08-25,2016-01-13,2016-01-26,0,,,,,,,,141,13
Arusha,T1758,,Akondro mainty,,,Borneo,2015-08-28,2016-01-13,2016-01-26,2,0,1,2016-02-29,,,2016-04-29,0,138,13
Arusha,T1759,,Kisukari Mchare,,,Borneo,2015-08-31,2016-01-11,2016-01-20,0,,,,,,,,133,9
Arusha,T1760,,Kisukari Mchare,,,Borneo,2015-08-31,2016-02-10,2016-02-19,0,,,,,,,,163,9
Arusha,T1761,,Kisukari Mchare,,,Calcutta 4,2015-08-31,2016-01-20,2016-01-26,0,,,,,,,,142,6
Arusha,T1764,,cv-Rose,,,Paliama,2015-08-31,2016-02-24,2016-03-03,0,,,,,,,,177,8
Arusha,T1768,,Huti-white,,,Borneo,2015-09-01,2016-02-03,2016-02-11,18,15,17,2016-02-17,,,2016-04-17,9,155,8
Arusha,T1773,,Nshonowa,,,Calcutta 4,2015-09-02,2016-01-13,2016-01-26,0,,,,,,,,133,13
Arusha,T1775,,IITA 02145/1320,,,cv-Rose,2015-09-07,2016-03-14,2016-03-21,0,,,,,,,,189,7
Arusha,T1779,,Huti-white,,,Calcutta 4,2015-09-08,2016-02-10,2016-02-19,0,,,,,,,,155,9
Arusha,T1781,,Akondro mainty,,,Calcutta 4,2015-09-10,2016-02-24,2016-03-03,0,,,,,,,,167,8
Arusha,T1782,,Kisukari Mchare,,,Calcutta 4,2015-09-14,2016-03-14,2016-03-21,0,,,,,,,,182,7
Arusha,T1784,,Kisukari Mchare,,,Borneo,2015-09-14,2016-02-10,2016-02-19,0,,,,,,,,149,9
Arusha,T1785,,Akondro mainty,,,cv-Rose,2015-09-14,2016-03-10,2016-03-17,0,,,,,,,,178,7
Arusha,T1786,,Akondro mainty,,,Calcutta 4,2015-09-14,2016-03-14,2016-03-21,0,,,,,,,,182,7
Arusha,T1790,,Akondro mainty,,,Borneo,2015-09-14,2016-02-18,2016-02-24,1,0,0,2016-02-25,,,2016-04-25,0,157,6
Arusha,T1791,,Kwaro,,,Malaccensis,2015-09-15,2016-03-10,2016-03-17,0,,,,,,,,177,7
Arusha,T1792,,Nshonowa,,,Borneo,2015-09-16,2016-02-04,2016-02-11,0,,,,,,,,141,7
Arusha,T1794,,cv-Rose,,,Huti - White,2015-09-16,2016-02-10,2016-02-19,0,,,,,,,,147,9
Arusha,T1801,,Kisukari Mchare,,,Calcutta 4,2015-09-21,2016-02-17,2016-02-23,0,,,,,,,,149,6
Arusha,T1802,,Nshonowa,,,Calcutta 4,2015-09-22,2016-02-04,2016-02-11,0,,,,,,,,135,7
Arusha,T1803,,Mchare Laini,,,cv-Rose,2015-09-22,2016-02-04,2016-02-11,0,,,,,,,,135,7
Arusha,T1805,,Nshonowa,,,Borneo,2015-09-25,2016-02-10,2016-02-19,0,,,,,,,,138,9
Arusha,T1806,,Huti-white,,,cv-Rose,2015-09-25,2016-02-24,2016-03-03,0,,,,,,,,152,8
Arusha,T1810,,Kisukari Mchare,,,Calcutta 4,2015-09-28,2016-02-17,2016-02-23,0,,,,,,,,142,6
Arusha,T1813,,Kisukari Mchare,,,Borneo,2015-09-28,2016-02-10,2016-02-19,0,,,,,,,,135,9
Arusha,T1814,,Kisukari Mchare,,,Borneo,2015-09-28,2016-02-24,2016-03-03,0,,,,,,,,149,8
Arusha,T1817,,Huti-white,,,cv-Rose,2015-09-28,2016-03-03,2016-03-10,0,,,,,,,,157,7
Arusha,T1819,,Akondro mainty,,,Calcutta 4,2015-09-29,2016-02-17,2016-02-23,0,,,,,,,,141,6
Arusha,T1821,,Guyod,,,cv-Rose,2015-09-29,2016-03-10,2016-03-17,0,,,,,,,,163,7
Arusha,T1822,,Akondro mainty,,,cv-Rose,2015-10-02,2016-03-14,2016-03-21,0,,,,,,,,164,7
Arusha,T1823,,Akondro mainty,,,Calcutta 4,2015-10-02,2016-02-24,2016-03-03,0,,,,,,,,145,8
Arusha,T1824,,Akondro mainty,,,Borneo,2015-10-02,2016-02-10,2016-02-19,0,,,,,,,,131,9
Arusha,T1826,,Huti-white,,,Calcutta 4,2015-10-02,2016-03-03,2016-03-10,1,1,1,2016-03-11,,,2016-05-10,1,153,7
Arusha,T1829,,Akondro mainty,,,cv-Rose,2015-10-05,2016-03-14,2016-03-21,0,,,,,,,,161,7
Arusha,T1830,,Kisukari Mchare,,,Borneo,2015-10-05,2016-02-10,2016-02-19,0,,,,,,,,128,9
Arusha,T1833,,Nshonowa,,,Borneo,2015-10-06,2016-02-10,2016-02-18,15,6,4,2016-02-19,,,2016-04-19,1,127,8
Arusha,T1834,,Nshonowa,,,Borneo,2015-10-07,2016-02-10,2016-02-19,0,,,,,,,,126,9
Arusha,T1835,,Kisukari Mchare,,,Borneo,2015-10-07,2016-03-14,2016-03-21,0,,,,,,,,159,7
Arusha,T1836,,Kisukari Mchare,,,Calcutta 4,2015-10-07,2016-02-24,2016-03-03,0,,,,,,,,140,8
Arusha,T1838,,Akondro mainty,,,Calcutta 4,2015-10-07,2016-03-10,2016-03-17,0,,,,,,,,155,7
Arusha,T1841,,Akondro mainty,,,Borneo,2015-10-08,2016-02-18,2016-02-24,2,0,0,2016-02-25,,,2016-04-25,0,133,6
Arusha,T1842,,Huti-white,,,cv-Rose,2015-10-09,2016-03-03,2016-03-10,49,23,23,2016-03-11,,,2016-05-10,22,146,7
Arusha,T1844,,Kisukari Mchare,,,Borneo,2015-10-12,2016-02-17,2016-02-23,0,,,,,,,,128,6
Arusha,T1845,,Akondro mainty,,,Calcutta 4,2015-10-12,2016-03-14,2016-03-21,0,,,,,,,,154,7
Arusha,T1846,,Kisukari Mchare,,,Calcutta 4,2015-10-14,2016-02-24,2016-03-03,0,,,,,,,,133,8
Arusha,T1849,,Kisukari Mchare,,,Calcutta 4,2015-10-15,2016-03-10,2016-03-17,0,,,,,,,,147,7
Arusha,T1850,,Kisukari Mchare,,,Borneo,2015-10-15,2016-03-29,2016-04-06,0,,,,,,,,166,8
Arusha,T1851,,Kisukari Mchare,,,Calcutta 4,2015-10-15,2016-03-14,2016-03-21,0,,,,,,,,151,7
Arusha,T1852,,Huti-white,,,Calcutta 4,2015-10-16,2016-02-10,2016-02-19,0,,,,,,,,117,9
Arusha,T1853,,Huti-white,,,cv-Rose,2015-10-16,2016-03-14,2016-03-21,0,,,,,,,,150,7
Arusha,T1854,,Akondro mainty,,,Calcutta 4,2015-10-19,2016-02-24,2016-03-03,0,,,,,,,,128,8
Arusha,T1855,,Akondro mainty,,,cv-Rose,2015-10-19,2016-03-17,2016-03-21,0,,,,,,,,150,4
Arusha,T1856,,Huti-white,,,Borneo,2015-10-19,2016-02-24,2016-03-03,0,,,,,,,,128,8
Arusha,T1857,,Kisukari Mchare,,,Borneo,2015-10-19,2016-03-14,2016-03-21,0,,,,,,,,147,7
Arusha,T1859,,Guyod,,,cv-Rose,2015-10-20,2016-02-24,2016-03-03,0,,,,,,,,127,8
Arusha,T1860,,TMB2x 9128-3,,,Guyod,2015-10-20,2016-03-29,2016-04-06,,,,,,,,,161,8
Arusha,T1861,,TMB2x 9128-3,,,Paliama,2015-10-20,2016-03-29,2016-04-06,0,,,,,,,,161,8
Arusha,T1862,,Huti-Green,,,Calcutta 4,2015-10-21,2016-02-10,2016-02-19,0,,,,,,,,112,9
Arusha,T1864,,Kisukari Mchare,,,Borneo,2015-10-22,2016-03-10,2016-03-17,0,,,,,,,,140,7
Arusha,T1865,,Akondro mainty,,,cv-Rose,2015-10-23,2016-03-14,2016-03-21,0,,,,,,,,143,7
Arusha,T1866,,Kisukari Mchare,,,Borneo,2015-10-26,2016-03-14,2016-03-21,0,,,,,,,,140,7
Arusha,T1869,,Kisukari Mchare,,,Borneo,2015-10-27,2016-03-10,2016-03-17,0,,,,,,,,135,7
Arusha,T1872,,Huti-white,,,Calcutta 4,2015-10-28,2016-03-29,2016-04-06,0,,,,,,,,153,8
Arusha,T1873,,Nshonowa,,,Borneo,2015-10-28,2016-02-18,2016-02-24,2,1,1,2016-02-25,,,2016-04-25,0,113,6
Arusha,T1874,,Akondro mainty,,,Calcutta 4,2015-10-30,2016-03-29,2016-04-06,0,,,,,,,,151,8
Arusha,T1875,,Akondro mainty,,,Borneo,2015-10-30,2016-03-14,2016-03-21,0,,,,,,,,136,7
Arusha,T1876,,Akondro mainty,,,cv-Rose,2015-10-30,2016-03-29,2016-04-06,0,,,,,,,,151,8
Arusha,T1877,,Akondro mainty,,,Calcutta 4,2015-11-02,2016-03-14,2016-03-21,34,30,13,2016-03-23,,,2016-05-22,,133,7
Arusha,T1878,,Kisukari Mchare,,,Borneo,2015-11-02,2016-02-24,2016-02-24,,,,,,,,,114,0
Arusha,T1880,,Akondro mainty,,,cv-Rose,2015-11-04,2016-03-14,2016-03-21,0,,,,,,,,131,7
Arusha,T1882,,Akondro mainty,,,Calcutta 4,2015-11-04,2016-03-29,2016-04-06,0,,,,,,,,146,8
Arusha,T1888,,Nshonowa,,,Borneo,2015-11-12,2016-03-10,2016-03-17,0,,,,,,,,119,7
Arusha,T1896,,Akondro mainty,,,Borneo,2015-11-17,2016-03-10,2016-03-17,0,,,,,,,,114,7
Arusha,T1897,,Guyod,,,cv-Rose,2015-11-19,2016-02-24,2016-03-03,0,,,,,,,,97,8
Arusha,T1900,,Kisukari Mchare,,,Calcutta 4,2015-11-24,2016-03-29,2016-04-06,,,,,,,,136,126,8
