.id,Crossnumber,Location,FemalePlotName,Mother,Cycle,MalePlotName,Father,First_Pollination_Date,Bunch_Harvest_Date,Seed_Extraction_Date,Total_Seeds,Embryo_Rescue_Date,Good_Seeds,Number_of_Embryo_Rescued,Germination_Date,Number_of_Embryo_Germinating
1,BT201804_(136492C2/136283),Arusha,136492,ITC1455-Mchare Mlelembo,2,136283,ITC0609 Pahang,2018-04-07,2018-09-11,2018-09-27,0,,,,,
1,BT201804_(136513C2/136328),Arusha,136513,ITC1455-Mchare Mlelembo,2,136328,ITC0609 Pahang,2018-04-06,2018-09-11,2018-10-08,0,,,,,
1,BT201804_(136514C2/136328),Arusha,136514,ITC1455-Mchare Mlelembo,2,136328,ITC0609 Pahang,2018-04-06,2018-09-26,2018-10-10,0,,,,,
1,BT201804_(136642C2/136599),Arusha,136642,ITC1455-Mchare Mlelembo,2,136599,ITC0712,2018-04-06,2018-10-02,2018-10-11,0,,,,,
1,BT201804_(136650C2/136460),Arusha,136650,Huti-white,2,136460,ITC0712,2018-04-07,,,,,,,,
1,NM201804_(136345C2/136328),Arusha,136345,ITC1455-Mchare Mlelembo,2,136328,ITC0609 Pahang,2018-04-09,2018-10-02,2018-10-11,0,,,,,
1,NM201804_(136468C2/136357),Arusha,136468,ITC1460,2,136357,ITC0609 Pahang,2018-04-12,2018-11-08,2018-11-14,3,2018-12-05,3,3,,
1,NM201804_(136523C2/136490),Arusha,136523,ITC1468,2,136490,ITC0712,2018-04-23,,,,,,,,
1,NM201804_(136664C2/136490),Arusha,136664,ITC1455-Mchare Mlelembo,2,136490,ITC0712,2018-04-12,2018-11-09,2018-11-14,0,,,,,
1,NM201804_(136697C2/136357),Arusha,136697,ITC1468,2,136357,ITC0609 Pahang,2018-04-16,2018-09-11,2018-09-27,0,,,,,
1,NM201804_389,Arusha,,,,,,,2018-10-22,,,,,,,
1,NM201804_396,Arusha,,,,,,,2018-11-08,2018-11-14,0,,,,,
1,NM201805_(136302C2/136460),Arusha,136302,ITC1455-Mchare Mlelembo,2,136460,ITC0712,2018-05-09,2018-10-17,,,,,,,
1,NM201805_(136316C2/136460),Arusha,136316,ITC1460,2,136460,ITC0712,2018-05-18,,,,,,,,
1,NM201805_(136418C2/136460),Arusha,136418,ITC1455-Mchare Mlelembo,2,136460,ITC0712,2018-05-14,2018-09-26,2018-10-11,0,,,,,
1,NM201805_(136440C2/136460),Arusha,136440,ITC1468,2,136460,ITC0712,2018-05-09,2018-11-06,2018-11-14,0,,,,,
1,NM201805_(136441C1/136460),Arusha,136441,ITC1468,1,136460,ITC0712,2018-05-22,,,,,,,,
1,NM201805_(136452C/136490),Arusha,136452,Mchare Laini,,136490,ITC0712,2018-05-03,,,,,,,,
1,NM201805_(136456C2/136460),Arusha,136456,Huti-white,2,136460,ITC0712,2018-05-31,,,,,,,,
1,NM201805_(136474C/136490),Arusha,136474,ITC1455-Mchare Mlelembo,,136490,ITC0712,2018-05-03,,,,,,,,
1,NM201805_(136491C1/136460),Arusha,136491,ITC1468,1,136460,ITC0712,2018-05-22,,,,,,,,
1,NM201805_(136494C1/136357),Arusha,136494,ITC1455-Mchare Mlelembo,1,136357,ITC0609 Pahang,2018-05-22,,,,,,,,
1,NM201805_(136494C2/136357),Arusha,,,,,,,2018-11-05,2018-11-14,0,,,,,
1,NM201805_(136504C/136490),Arusha,136504,ITC1455-Mchare Mlelembo,,136490,ITC0712,2018-05-03,,,,,,,,
1,NM201805_(136532C2/136460),Arusha,136532,ITC1468,2,136460,ITC0712,2018-05-09,,,,,,,,
1,NM201805_(136532C3/136490),Arusha,136532,ITC1468,3,136490,ITC0712,2018-05-03,,,,,,,,
1,NM201805_(136603C2/136357),Arusha,136603,ITC1455-Mchare Mlelembo,2,136357,ITC0609 Pahang,2018-05-29,,,,,,,,
1,NM201805_(136654C2/136460),Arusha,136654,ITC1455-Mchare Mlelembo,2,136460,ITC0712,2018-05-14,2018-10-02,2018-10-11,0,,,,,
1,NM201805_(136658C/136357),Arusha,136658,ITC1455-Mchare Mlelembo,,136357,ITC0609 Pahang,2018-05-03,,,,,,,,
1,NM201805_(136667C1/136357),Arusha,136667,ITC1468,1,136357,ITC0609 Pahang,2018-05-22,,,,,,,,
1,NM201805_(136696C/136490),Arusha,136696,ITC1455-Mchare Mlelembo,,136490,ITC0712,2018-05-03,,,,,,,,
1,NM201805_(136718C2/136460),Arusha,136718,ITC1468,2,136460,ITC0712,2018-05-18,2018-11-19,,,,,,,
1,NM201805_402,Arusha,,,,,,,2018-11-08,2018-11-14,0,,,,,
1,NM201805_407,Arusha,,,,,,,2018-10-22,2018-11-07,0,,,,,
1,NM201805_408,Arusha,,,,,,,2018-10-22,,,,,,,
1,NM201805_410,Arusha,,,,,,,2018-10-31,2018-11-07,0,,,,,
1,NM201805_411,Arusha,,,,,,,2018-10-22,2018-11-01,1,2018-12-05,1,1,,
1,NM201805_412,Arusha,,,,,,,2018-10-22,2018-11-01,1,2018-11-13,0,0,,
1,NM201805_413,Arusha,,,,,,,2018-10-22,2018-10-25,0,,,,,
1,NM201805_414,Arusha,,,,,,,2018-10-22,,,,,,,
1,NM201805_421,Arusha,,,,,,,2018-11-02,,,,,,,
1,NM201805_422,Arusha,,,,,,,2018-12-04,2018-12-13,0,,,,,
1,NM201805_428,Arusha,,,,,,,2018-11-08,,,,,,,
1,NM201805_429,Arusha,,,,,,,2018-11-08,2018-11-14,0,,,,,
1,NM201805_432,Arusha,,,,,,,2018-12-04,2018-12-13,0,,,,,
1,NM201805_433,Arusha,,,,,,,2018-10-31,2018-11-14,0,,,,,
1,NM201805_436,Arusha,,,,,,,2018-10-31,2018-11-07,0,,,,,
1,NM201805_438,Arusha,,,,,,,2018-10-31,2018-11-14,0,,,,,
1,NM201805_451,Arusha,,,,,,,2018-10-22,2018-10-25,3,2018-12-05,2,2,,
1,NM201805_453,Arusha,,,,,,,2018-11-19,2018-11-30,0,,,,,
1,NM201805_455,Arusha,,,,,,,2018-11-08,2018-11-14,0,,,,,
1,NM201806_(136314C2/136357),Arusha,136314,ITC1455-Mchare Mlelembo,2,136357,ITC0609 Pahang,2018-06-29,2018-11-21,2018-12-13,0,,,,,
1,NM201806_(136351C2/136460),Arusha,136351,Mchare Laini,2,136460,ITC0712,2018-06-12,,,,,,,,
1,NM201806_(136378C2/136653),Arusha,136378,ITC1468,2,136653,ITC0609 Pahang,2018-06-22,,,,,,,,
1,NM201806_(136380C2/136357),Arusha,136380,ITC1455-Mchare Mlelembo,2,136357,ITC0609 Pahang,2018-06-06,,,,,,,,
1,NM201806_(136518C2/136510),Arusha,136518,ITC1468,2,136510,ITC0609 Pahang,2018-06-26,,,,,,,,
1,NM201806_(136523C3/136460),Arusha,136523,ITC1468,3,136460,ITC0712,2018-06-12,,,,,,,,
1,NM201806_(136567C2/136510),Arusha,136567,ITC1468,2,136510,ITC0609 Pahang,2018-06-26,,,,,,,,
1,NM201806_(136634C2/136599),Arusha,136634,ITC1455-Mchare Mlelembo,2,136599,ITC0712,2018-06-26,,,,,,,,
1,NM201806_442,Arusha,,,,,,,2018-11-08,2018-11-14,0,,,,,
1,NM201806_443,Arusha,,,,,,,2018-10-29,2018-11-07,0,,,,,
1,NM201806_447,Arusha,,,,,,,2018-11-19,2018-11-30,2,2018-12-05,2,2,,
1,NM201806_448,Arusha,,,,,,,2018-11-08,2018-11-16,2,2018-12-05,2,2,,
1,NM201806_450,Arusha,,,,,,,2018-11-19,2018-11-30,12,2018-12-05,8,8,,
1,NM201806_456,Arusha,,,,,,,2018-12-04,2018-12-13,12,2019-01-11,3,3,,
1,NM201806_461,Arusha,,,,,,,2018-11-08,2018-11-14,0,,,,,
1,NM201806_462,Arusha,,,,,,,2018-12-07,2018-12-13,20,2019-01-11,14,14,,
1,NM201806_468,Arusha,,,,,,,2018-12-04,2018-12-13,0,,,,,
1,NM201806_469,Arusha,,,,,,,2019-01-03,2019-01-09,2,2019-01-11,1,1,,
1,NM201806_470,Arusha,,,,,,,2018-12-12,2018-12-20,2,2019-01-11,0,0,,
1,NM201806_471,Arusha,,,,,,,2019-01-02,2019-01-09,2,2019-01-11,1,1,,
1,NM201806_472,Arusha,,,,,,,2018-12-12,2018-12-20,3,2019-01-11,0,0,,
1,NM201806_473,Arusha,,,,,,,2018-12-04,2018-12-13,3,2019-01-11,2,2,,
1,NM201806_474,Arusha,,,,,,,2018-12-03,2018-12-13,0,,,,,
1,NM201807_(136331C2/136460),Arusha,136331,ITC1455-Mchare Mlelembo,2,136460,ITC0712,2018-07-10,,,,,,,,
1,NM201807_(136360C2/136357),Arusha,136360,ITC1468,2,136357,ITC0609 Pahang,2018-07-31,2018-12-10,2019-01-02,0,,,,,
1,NM201807_(136388C2/136357),Arusha,136388,ITC1468,2,136357,ITC0609 Pahang,2018-07-05,,,,,,,,
1,NM201807_(136478C2/136357),Arusha,136478,Mchare Laini,2,136357,ITC0609 Pahang,2018-07-20,2019-01-12,2019-01-21,6,2019-01-28,5,5,,
1,NM201807_(136534C2/136357),Arusha,136534,Mchare Laini,2,136357,ITC0609 Pahang,2018-07-04,,,,,,,,
1,NM201807_(136619C2/136460),Arusha,136619,ITC1468,2,136460,ITC0712,2018-07-30,2018-12-10,2019-01-02,5,2019-01-11,2,2,,
1,NM201807_(136620C2/136357),Arusha,136620,Mchare Laini,2,136357,ITC0609 Pahang,2018-07-17,,,,,,,,
1,NM201807_(136632C2/136357),Arusha,136632,ITC1460,2,136357,ITC0609 Pahang,2018-07-17,,,,,,,,
1,NM201807_(136661C2/136460),Arusha,136661,ITC1468,2,136460,ITC0712,2018-07-17,2018-12-11,2019-01-02,0,,,,,
1,NM201807_(136670C2/136460),Arusha,136670,Huti-white,2,136460,ITC0712,2018-07-04,2019-01-09,2019-01-15,3,2019-01-28,2,2,,
1,NM201807_(136673C2/136460),Arusha,136673,ITC1468,2,136460,ITC0712,2018-07-25,2018-12-10,2019-01-02,0,,,,,
1,NM201807_(136675C2/136357),Arusha,136675,ITC1455-Mchare Mlelembo,2,136357,ITC0609 Pahang,2018-07-24,,,,,,,,
1,NM201807_(136713C2/136357),Arusha,136713,ITC1468,2,136357,ITC0609 Pahang,2018-07-25,,,,,,,,
1,NM201807_477,Arusha,,,,,,,2019-01-02,2019-01-09,6,2019-01-11,2,2,,
1,NM201807_483,Arusha,,,,,,,2018-12-04,2018-12-13,5,2019-01-11,2,2,,
1,NM201807_484,Arusha,,,,,,,2019-01-02,2019-01-09,6,2019-01-11,2,2,,
1,NM201807_485,Arusha,,,,,,,2019-01-02,2019-01-09,2,2019-01-28,0,0,,
1,NM201807_486,Arusha,,,,,,,2018-12-24,,,,,,,
1,NM201807_490,Arusha,,,,,,,2019-01-21,,,,,,,
1,NM201807_491,Arusha,,,,,,,2018-12-31,2019-01-15,0,,,,,
1,NM201807_495,Arusha,,,,,,,2019-01-14,2019-01-24,4,2019-01-28,4,4,,
1,NM201807_496,Arusha,,,,,,,2019-01-02,,,,,,,
1,NM201807_498,Arusha,,,,,,,2019-01-02,2019-01-15,6,2019-01-28,5,5,,
1,NM201807_503,Arusha,,,,,,,2019-01-02,2019-01-24,3,2019-01-28,1,1,,
1,NM201807_505,Arusha,,,,,,,2018-12-24,,,,,,,
1,NM201808_(136454C2/136490),Arusha,16NM_ITC1455-MchareMlelembo_plot370_r18c9,ITC1455-Mchare Mlelembo,2,16NM_ITC0712-AAcvRose_plot42_r2c1,ITC0712,2018-08-16,,,,,,,,
1,NM201808_(136454C2/136706),Arusha,16NM_ITC1455-MchareMlelembo_plot370_r18c9,ITC1455-Mchare Mlelembo,2,16NM_ITC0712-AAcvRose_plot85_r5c1,ITC0712,2018-08-16,2019-01-23,2019-01-30,0,,,,,
1,NM201808_(136497C2/136460),Arusha,136497,ITC1468,2,136460,ITC0712,2018-08-10,2018-12-31,2019-01-15,0,,,,,
1,NM201808_(136540C2/136510),Arusha,136540,ITC1455-Mchare Mlelembo,2,136510,ITC0609 Pahang,2018-08-02,,,,,,,,
1,NM201808_(136540C3/136653),Arusha,136540,ITC1455-Mchare Mlelembo,3,136653,ITC0609 Pahang,2018-08-07,,,,,,,,
1,NM201808_(136571C2/136510),Arusha,136571,ITC1455-Mchare Mlelembo,2,136510,ITC0609 Pahang,2018-08-10,,,,,,,,
1,NM201808_(136601C2/136328),Arusha,16NM_ITC1455-MchareMlelembo_plot426_r21c6,ITC1455-Mchare Mlelembo,2,16NM_ITC0609-Pahang_plot211_r11c1,ITC0609 Pahang,2018-08-16,,,,,,,,
1,NM201808_(136601C2/136706),Arusha,16NM_ITC1455-MchareMlelembo_plot426_r21c6,ITC1455-Mchare Mlelembo,2,16NM_ITC0712-AAcvRose_plot85_r5c1,ITC0712,2018-08-16,,,,,,,,
1,NM201808_517,Arusha,,,,,,,2019-01-15,2019-01-24,9,2019-01-28,4,4,,
1,NM201808_521,Arusha,,,,,,,2019-01-15,2019-01-25,7,2019-01-28,4,4,,
1,NM201808_522,Arusha,,,,,,,2019-01-02,2019-01-09,2,2019-01-11,1,1,,
1,NM201808_530,Arusha,,,,,,,2019-01-02,2019-01-25,12,2019-01-28,7,7,,
1,NM201808_531,Arusha,,,,,,,2019-01-12,2019-01-21,12,2019-01-28,8,8,,
1,NM201809_(136293C2/136357),Arusha,16NM_ITC1468-Kahuti_plot16_r1c16,ITC1468,2,16NM_ITC0609-Pahang_plot168_r8c1,ITC0609 Pahang,2018-09-11,,,,,,,,
1,NM201809_(136301C2/136295),Arusha,16NM_ITC1455-MchareMlelembo_plot424_r21c4,ITC1455-Mchare Mlelembo,2,16NM_ITC0712-AAcvRose_plot84_r4c1,ITC0712,2018-09-28,,,,,,,,
1,NM201809_(136330C2/136283),Arusha,16NM_ITC1468-Kahuti_plot15_r1c15,ITC1468,2,16NM_ITC0609-Pahang_plot127_r7c1,ITC0609 Pahang,2018-09-19,,,,,,,,
1,NM201809_(136371C2/136328),Arusha,16NM_ITC1455-MchareMlelembo_plot412_r20c9,ITC1455-Mchare Mlelembo,2,16NM_ITC0609-Pahang_plot211_r11c1,ITC0609 Pahang,2018-09-12,2019-01-15,2019-01-25,3,2019-01-28,3,3,,
1,NM201809_(136395C2/136460),Arusha,16NM_ITC1468-Kahuti_plot5_r1c5,ITC1468,2,16NM_ITC0712-AAcvRose_plot1_r1c1,ITC0712,2018-09-10,,,,,,,,
1,NM201809_(136417C2/136328),Arusha,16NM_ITC1455-MchareMlelembo_plot430_r21c10,ITC1455-Mchare Mlelembo,2,16NM_ITC0609-Pahang_plot211_r11c1,ITC0609 Pahang,2018-09-12,2018-12-19,,,,,,,
1,NM201809_(136423C2/136653),Arusha,16NM_ITC1455-MchareMlelembo_plot415_r20c6,ITC1455-Mchare Mlelembo,2,16NM_ITC0609-Pahang_plot210_r10c1,ITC0609 Pahang,2018-09-04,2018-12-03,,,,,,,
1,NM201809_(136443C2/136510),Arusha,16NM_ITC1455-MchareMlelembo_plot417_r20c4,ITC1455-Mchare Mlelembo,2,16NM_ITC0609-Pahang_plot169_r9c1,ITC0609 Pahang,2018-09-27,,,,,,,,
1,NM201809_(136444C2/136295),Arusha,16NM_ITC1468-Kahuti_plot12_r1c12,ITC1468,2,16NM_ITC0712-AAcvRose_plot84_r4c1,ITC0712,2018-09-28,,,,,,,,
1,NM201809_(136458C2/136510),Arusha,16NM_ITC1455-MchareMlelembo_plot402_r20c19,ITC1455-Mchare Mlelembo,2,16NM_ITC0609-Pahang_plot169_r9c1,ITC0609 Pahang,2018-09-21,,,,,,,,
1,NM201809_(136463C2/136490),Arusha,16NM_ITC1455-MchareMlelembo_plot416_r20c5,ITC1455-Mchare Mlelembo,2,16NM_ITC0712-AAcvRose_plot42_r2c1,ITC0712,2018-09-04,,,,,,,,
1,NM201809_(136487C2/136510),Arusha,16NM_MchareLaini_plot269_r13c17,Mchare Laini,2,16NM_ITC0609-Pahang_plot169_r9c1,ITC0609 Pahang,2018-09-12,2019-01-23,2019-01-30,0,,,,,
1,NM201809_(136506C2/136599),Arusha,16NM_ITC1460-IjihuInkundu_plot317_r16c20,ITC1460,2,16NM_ITC0712-AAcvRose_plot126_r6c1,ITC0712,2018-09-12,,,,,,,,
1,NM201809_(136525C2/136357),Arusha,16NM_MchareLaini_plot272_r13c20,Mchare Laini,2,16NM_ITC0609-Pahang_plot168_r8c1,ITC0609 Pahang,2018-09-28,2019-02-07,2019-02-22,3,,,,,
1,NM201809_(136617C2/136460),Arusha,16NM_ITC1468-Kahuti_plot7_r1c7,ITC1468,2,16NM_ITC0712-AAcvRose_plot1_r1c1,ITC0712,2018-09-25,,,,,,,,
1,NM201809_(136622C2/136510),Arusha,16NM_ITC1468-Kahuti_plot99_r5c15,ITC1468,2,16NM_ITC0609-Pahang_plot169_r9c1,ITC0609 Pahang,2018-09-27,2019-02-27,,,,,,,
1,NM201809_(136636C2/136706),Arusha,16NM_ITC1468-Kahuti_plot10_r1c10,ITC1468,2,16NM_ITC0712-AAcvRose_plot85_r5c1,ITC0712,2018-09-14,,,,,,,,
1,NM201809_(136686C2/136510),Arusha,16NM_MchareLaini_plot192_r10c19,Mchare Laini,2,16NM_ITC0609-Pahang_plot169_r9c1,ITC0609 Pahang,2018-09-26,2019-02-25,,,,,,,
1,NM201809_(136689C2/136295),Arusha,16NM_ITC1468-Kahuti_plot59_r3c17,ITC1468,2,16NM_ITC0712-AAcvRose_plot84_r4c1,ITC0712,2018-09-19,2019-01-23,2019-01-30,0,,,,,
1,NM201809_(153086C1/161582),Arusha,16NM_Huti-white_plot209r10c2,Huti-white,1,Males_ITCO712_Cv_Rose_r2c1_plot22,ITC0712 Cv Rose,2018-09-25,,,,,,,,
1,NM201809_538,Arusha,,,,,,,2019-02-18,2019-02-22,173,2019-02-26,149,149,,
2,NM201809_552,Arusha,,,,,,,2019-03-08,,,,,,,
1,NM201810_(136294C2/161548),Arusha,16NM_ITC1468-Kahuti_plot55_r3c13,ITC1468,2,Males_ITC0609_Pahang_r1c11_plot19,ITC0609 Pahang,2018-10-03,,,,,,,,
1,NM201810_(136300C2/136460),Arusha,16NM_ITC1468-Kahuti_plot57_r3c15,ITC1468,2,16NM_ITC0712-AAcvRose_plot1_r1c1,ITC0712,2018-10-01,,,,,,,,
1,NM201810_(136301C2/136653),Arusha,16NM_ITC1455-MchareMlelembo_plot424_r21c4,ITC1455-Mchare Mlelembo,2,16NM_ITC0609-Pahang_plot210_r10c1,ITC0609 Pahang,2018-09-29,,,,,,,,
1,NM201810_(136309C2/136460),Arusha,16NM_ITC1468-Kahuti_plot31_r2c12,ITC1468,2,16NM_ITC0712-AAcvRose_plot1_r1c1,ITC0712,2018-10-08,2019-01-23,2019-02-15,2,2019-02-26,2,2,,
1,NM201810_(136311C2/136510),Arusha,16NM_ITC1468-Kahuti_plot11_r1c11,ITC1468,2,16NM_ITC0609-Pahang_plot169_r9c1,ITC0609 Pahang,2018-10-02,2019-02-07,,,,,,,
1,NM201810_(136316C2/136460),Arusha,16NM_ITC1460-IjihuInkundu_plot292_r14c3,ITC1460,2,16NM_ITC0712-AAcvRose_plot1_r1c1,ITC0712,2018-10-09,2019-01-24,2019-01-31,54,2019-02-07,34,34,,
1,NM201810_(136319C2/136357),Arusha,16NM_ITC1468-Kahuti_plot29_r2c14,ITC1468,2,16NM_ITC0609-Pahang_plot168_r8c1,ITC0609 Pahang,2018-10-19,,,,,,,,
1,NM201810_(136325C2/136460),Arusha,16NM_ITC1455-MchareMlelembo_plot429_r21c9,ITC1455-Mchare Mlelembo,2,16NM_ITC0712-AAcvRose_plot1_r1c1,ITC0712,2018-10-26,,,,,,,,
1,NM201810_(136327C2/136490),Arusha,16NM_ITC1468-Kahuti_plot58_r3c16,ITC1468,2,16NM_ITC0712-AAcvRose_plot42_r2c1,ITC0712,2018-10-16,2019-02-13,,,,,,,
1,NM201810_(136376C2/136460),Arusha,16NM_ITC1460-IjihuInkundu_plot307_r15c13,ITC1460,2,16NM_ITC0712-AAcvRose_plot1_r1c1,ITC0712,2018-10-03,2019-01-23,2019-02-06,66,2019-02-07,36,36,,
1,NM201810_(136381C2/136357),Arusha,16NM_ITC1468-Kahuti_plot96_r5c12,ITC1468,2,16NM_ITC0609-Pahang_plot168_r8c1,ITC0609 Pahang,2018-10-16,2019-03-19,,,,,,,
1,NM201810_(136432C2/136357),Arusha,16NM_ITC1455-MchareMlelembo_plot438_r21c18,ITC1455-Mchare Mlelembo,2,16NM_ITC0609-Pahang_plot168_r8c1,ITC0609 Pahang,2018-10-16,2019-02-26,,,,,,,
1,NM201810_(136442C2/136510),Arusha,16NM_ITC1468-Kahuti_plot97_r5c13,ITC1468,2,16NM_ITC0609-Pahang_plot169_r9c1,ITC0609 Pahang,2018-10-01,2019-02-21,,,,,,,
1,NM201810_(136444C2/136460),Arusha,16NM_ITC1468-Kahuti_plot12_r1c12,ITC1468,2,16NM_ITC0712-AAcvRose_plot1_r1c1,ITC0712,2018-10-03,,,,,,,,
1,NM201810_(136451C2/136510),Arusha,16NM_ITC1455-MchareMlelembo_plot405_r20c16,ITC1455-Mchare Mlelembo,2,16NM_ITC0609-Pahang_plot169_r9c1,ITC0609 Pahang,2018-10-02,2019-02-25,2019-02-28,1,2019-03-21,1,1,,
1,NM201810_(136464C2/136295),Arusha,16NM_ITC1460-IjihuInkundu_plot338_r17c2,ITC1460,2,16NM_ITC0712-AAcvRose_plot84_r4c1,ITC0712,2018-10-17,,,,,,,,
1,NM201810_(136473C2/136460),Arusha,16NM_ITC1468-Kahuti_plot83_r4c2,ITC1468,2,16NM_ITC0712-AAcvRose_plot1_r1c1,ITC0712,2018-10-08,2019-03-25,,,,,,,
1,NM201810_(136482C2/136510),Arusha,16NM_ITC1460-IjihuInkundu_plot328_r16c9,ITC1460,2,16NM_ITC0609-Pahang_plot169_r9c1,ITC0609 Pahang,2018-10-26,2019-02-21,,,,,,,
1,NM201810_(136493C2/136460),Arusha,16NM_ITC1468-Kahuti_plot46_r3c4,ITC1468,2,16NM_ITC0712-AAcvRose_plot1_r1c1,ITC0712,2018-10-04,,,,,,,,
1,NM201810_(136496C2/136460),Arusha,16NM_ITC1460-IjihuInkundu_plot301_r15c7,ITC1460,2,16NM_ITC0712-AAcvRose_plot1_r1c1,ITC0712,2018-10-29,,,,,,,,
1,NM201810_(136498C2/136460),Arusha,16NM_ITC1455-MchareMlelembo_plot436_r21c16,ITC1455-Mchare Mlelembo,2,16NM_ITC0712-AAcvRose_plot1_r1c1,ITC0712,2018-10-08,2019-01-29,2019-02-22,3,2019-02-26,3,3,,
1,NM201810_(136507C2/161548),Arusha,16NM_ITC1460-IjihuInkundu_plot296_r15c2,ITC1460,2,Males_ITC0609_Pahang_r1c11_plot19,ITC0609 Pahang,2018-10-08,2019-01-24,2019-01-31,105,2019-02-07,94,94,,
1,NM201810_(136516C2/136460),Arusha,16NM_ITC1455-MchareMlelembo_plot407_r20c14,ITC1455-Mchare Mlelembo,2,16NM_ITC0712-AAcvRose_plot1_r1c1,ITC0712,2018-10-08,2019-02-01,,,,,,,
1,NM201810_(136521C2/136460),Arusha,16NM_Huti-white_plot125_r6c2,Huti-white,2,16NM_ITC0712-AAcvRose_plot1_r1c1,ITC0712,2018-10-29,,,,,,,,
1,NM201810_(136545C2/136460),Arusha,16NM_ITC1460-IjihuInkundu_plot349_r17c13,ITC1460,2,16NM_ITC0712-AAcvRose_plot1_r1c1,ITC0712,2018-10-22,,,,,,,,
1,NM201810_(136545C3/136460),Arusha,16NM_ITC1460-IjihuInkundu_plot349_r17c13,ITC1460,3,16NM_ITC0712-AAcvRose_plot1_r1c1,ITC0712,2018-10-26,,,,,,,,
1,NM201810_(136564C2/136460),Arusha,16NM_ITC1460-IjihuInkundu_plot289_r14c6,ITC1460,2,16NM_ITC0712-AAcvRose_plot1_r1c1,ITC0712,2018-10-03,2019-02-01,2019-02-15,28,2019-02-26,22,22,,
1,NM201810_(136573C2/136510),Arusha,16NM_ITC1468-Kahuti_plot82_r4c3,ITC1468,2,16NM_ITC0609-Pahang_plot169_r9c1,ITC0609 Pahang,2018-10-29,2019-02-07,,,,,,,
1,NM201810_(136582C2/136460),Arusha,16NM_ITC1468-Kahuti_plot69_r4c16,ITC1468,2,16NM_ITC0712-AAcvRose_plot1_r1c1,ITC0712,2018-10-02,2019-03-07,,,,,,,
1,NM201810_(136588C2/136460),Arusha,16NM_Huti-white_plot187_r9c19,Huti-white,2,16NM_ITC0712-AAcvRose_plot1_r1c1,ITC0712,2018-10-12,2019-02-27,,,,,,,
1,NM201810_(136589C2/136706),Arusha,16NM_ITC1455-MchareMlelembo_plot404_r20c17,ITC1455-Mchare Mlelembo,2,16NM_ITC0712-AAcvRose_plot85_r5c1,ITC0712,2018-10-24,2019-02-27,,,,,,,
1,NM201810_(136609C2/161424),Arusha,16NM_MchareLaini_plot216_r11c6,Mchare Laini,2,Males_ITC0609_Pahang_r1c11_plot20,ITC0609 Pahang,2018-10-03,2019-02-28,,,,,,,
1,NM201810_(136623C2/136510),Arusha,16NM_ITC1468-Kahuti_plot72_r4c13,ITC1468,2,16NM_ITC0609-Pahang_plot169_r9c1,ITC0609 Pahang,2018-10-29,2019-02-21,,,,,,,
1,NM201810_(136663C2/136460),Arusha,16NM_ITC1468-Kahuti_plot54_r3c12,ITC1468,2,16NM_ITC0712-AAcvRose_plot1_r1c1,ITC0712,2018-10-02,,,,,,,,
1,NM201810_(136668C2/136295),Arusha,16NM_ITC1460-IjihuInkundu_plot322_r16c15,ITC1460,2,16NM_ITC0712-AAcvRose_plot84_r4c1,ITC0712,2018-10-19,,,,,,,,
1,NM201810_(136669C2/136357),Arusha,16NM_ITC1460-IjihuInkundu_plot353_r17c17,ITC1460,2,16NM_ITC0609-Pahang_plot168_r8c1,ITC0609 Pahang,2018-10-18,,,,,,,,
1,NM201810_(136679C2/136653),Arusha,16NM_ITC1460-IjihuInkundu_plot310_r15c16,ITC1460,2,16NM_ITC0609-Pahang_plot210_r10c1,ITC0609 Pahang,2018-10-24,2019-01-24,2019-01-31,32,2019-02-07,21,21,,
1,NM201810_(136680C2/136295),Arusha,16NM_ITC1460-IjihuInkundu_plot283_r14c12,ITC1460,2,16NM_ITC0712-AAcvRose_plot84_r4c1,ITC0712,2018-10-19,2019-02-28,,,,,,,
1,NM201810_(136694C2/136510),Arusha,16NM_Huti-white_plot130_r7c4,Huti-white,2,16NM_ITC0609-Pahang_plot169_r9c1,ITC0609 Pahang,2018-10-26,,,,,,,,
1,NM201810_(136700C2/136357),Arusha,16NM_ITC1460-IjihuInkundu_plot354_r17c18,ITC1460,2,16NM_ITC0609-Pahang_plot168_r8c1,ITC0609 Pahang,2018-10-18,,,,,,,,
1,NM201810_(136703C2/136510),Arusha,16NM_ITC1468-Kahuti_plot13_r1c13,ITC1468,2,16NM_ITC0609-Pahang_plot169_r9c1,ITC0609 Pahang,2018-10-01,,,,,,,,
1,NM201810_(136716C2/161548),Arusha,16NM_ITC1455-MchareMlelembo_plot408_r20c13,ITC1455-Mchare Mlelembo,2,Males_ITC0609_Pahang_r1c11_plot19,ITC0609 Pahang,2018-10-08,2019-02-01,2019-02-22,6,2019-02-26,6,6,,
1,NM201811_(136284C2/136357),Arusha,16NM_ITC1468-Kahuti_plot32_r2c11,ITC1468,2,16NM_ITC0609-Pahang_plot168_r8c1,ITC0609 Pahang,2018-11-06,,,,,,,,
1,NM201811_(136289C2/136295),Arusha,16NM_ITC1468-Kahuti_plot71_r4c14,ITC1468,2,16NM_ITC0712-AAcvRose_plot84_r4c1,ITC0712,2018-11-07,2019-03-19,,,,,,,
1,NM201811_(136298C2/136295),Arusha,16NM_MchareLaini_plot259_r13c7,Mchare Laini,2,16NM_ITC0712-AAcvRose_plot84_r4c1,ITC0712,2018-11-06,2018-12-05,,,,,,,
1,NM201811_(136340C2/136357),Arusha,16NM_ITC1468-Kahuti_plot62_r3c20,ITC1468,2,16NM_ITC0609-Pahang_plot168_r8c1,ITC0609 Pahang,2018-11-21,2019-03-19,,,,,,,
1,NM201811_(136346C2/136357),Arusha,16NM_Huti-white_plot129_r7c3,Huti-white,2,16NM_ITC0609-Pahang_plot168_r8c1,ITC0609 Pahang,2018-11-06,2019-02-22,,,,,,,
1,NM201811_(136354C2/136295),Arusha,16NM_MchareLaini_plot249_r12c4,Mchare Laini,2,16NM_ITC0712-AAcvRose_plot84_r4c1,ITC0712,2018-11-09,,,,,,,,
1,NM201811_(136367C2/136357),Arusha,16NM_Huti-white_plot140_r7c14,Huti-white,2,16NM_ITC0609-Pahang_plot168_r8c1,ITC0609 Pahang,2018-11-07,2019-02-27,,,,,,,
1,NM201811_(136381C3/136283),Arusha,16NM_ITC1468-Kahuti_plot96_r5c12,ITC1468,3,16NM_ITC0609-Pahang_plot127_r7c1,ITC0609 Pahang,2018-11-09,,,,,,,,
1,NM201811_(136390C2/136653),Arusha,16NM_ITC1460-IjihuInkundu_plot335_r16c2,ITC1460,2,16NM_ITC0609-Pahang_plot210_r10c1,ITC0609 Pahang,2018-11-14,,,,,,,,
1,NM201811_(136397C2/136653),Arusha,16NM_ITC1468-Kahuti_plot21_r1c21,ITC1468,2,16NM_ITC0609-Pahang_plot210_r10c1,ITC0609 Pahang,2018-11-14,2019-02-21,,,,,,,
1,NM201811_(136406C2/136706),Arusha,16NM_ITC1460-IjihuInkundu_plot351_r17c15,ITC1460,2,16NM_ITC0712-AAcvRose_plot85_r5c1,ITC0712,2018-11-14,2019-02-28,,,,,,,
1,NM201811_(136429C2/161503),Arusha,16NM_MchareLaini_plot266_r13c14,Mchare Laini,2,Males_ITCO712_Cv_Rose_r2c1_plot21,ITC0712 Cv Rose,2018-11-29,,,,,,,,
1,NM201811_(136433C2/136653),Arusha,16NM_Huti-white_plot107_r6c20,Huti-white,2,16NM_ITC0609-Pahang_plot210_r10c1,ITC0609 Pahang,2018-11-12,,,,,,,,
1,NM201811_(136434C2/136357),Arusha,16NM_ITC1468-Kahuti_plot87_r5c3,ITC1468,2,16NM_ITC0609-Pahang_plot168_r8c1,ITC0609 Pahang,2018-11-08,2019-02-07,,,,,,,
1,NM201811_(136476C2/136392),Arusha,16NM_ITC1460-IjihuInkundu_plot308_r15c14,ITC1460,2,16NM_ITC0712-AAcvRose_plot43_r3c1,ITC0712,2018-11-16,,,,,,,,
1,NM201811_(136484C2/136357),Arusha,16NM_Huti-white_plot122_r6c5,Huti-white,2,16NM_ITC0609-Pahang_plot168_r8c1,ITC0609 Pahang,2018-11-22,2019-03-25,,,,,,,
1,NM201811_(136495C2/136510),Arusha,16NM_MchareLaini_plot235_r12c18,Mchare Laini,2,16NM_ITC0609-Pahang_plot169_r9c1,ITC0609 Pahang,2018-10-30,2019-03-25,,,,,,,
1,NM201811_(136524C2/161584),Arusha,16NM_ITC1468-Kahuti_plot27_r2c16,ITC1468,2,Males_ITC0609_Pahang_r1c11_plot13,ITC0609 Pahang,2018-11-27,,,,,,,,
1,NM201811_(136527C2/136510),Arusha,16NM_MchareLaini_plot190_r10c21,Mchare Laini,2,16NM_ITC0609-Pahang_plot169_r9c1,ITC0609 Pahang,2018-11-02,,,,,,,,
1,NM201811_(136529C2/136510),Arusha,16NM_ITC1468-Kahuti_plot95_r5c11,ITC1468,2,16NM_ITC0609-Pahang_plot169_r9c1,ITC0609 Pahang,2018-11-13,2019-03-19,,,,,,,
1,NM201811_(136554C2/136460),Arusha,16NM_ITC1468-Kahuti_plot81_r4c4,ITC1468,2,16NM_ITC0712-AAcvRose_plot1_r1c1,ITC0712,2018-11-22,,,,,,,,
1,NM201811_(136581C2/136460),Arusha,16NM_ITC1460-IjihuInkundu_plot345_r17c9,ITC1460,2,16NM_ITC0712-AAcvRose_plot1_r1c1,ITC0712,2018-11-02,2019-02-21,,,,,,,
1,NM201811_(136627C2/136460),Arusha,16NM_MchareLaini_plot255_r13c3,Mchare Laini,2,16NM_ITC0712-AAcvRose_plot1_r1c1,ITC0712,2018-11-06,2019-02-07,2019-02-28,14,2019-03-21,7,7,,
1,NM201811_(136628C2/136460),Arusha,16NM_ITC1460-IjihuInkundu_plot297_r15c3,ITC1460,2,16NM_ITC0712-AAcvRose_plot1_r1c1,ITC0712,2018-11-02,,,,,,,,
1,NM201811_(136648C2/136357),Arusha,16NM_ITC1460-IjihuInkundu_plot290_r14c5,ITC1460,2,16NM_ITC0609-Pahang_plot168_r8c1,ITC0609 Pahang,2018-11-06,2019-03-09,,,,,,,
1,NM201811_(136659C2/161503),Arusha,16NM_ITC1468-Kahuti_plot56_r3c14,ITC1468,2,Males_ITCO712_Cv_Rose_r2c1_plot21,ITC0712 Cv Rose,2018-11-29,,,,,,,,
1,NM201811_(136662C2/136706),Arusha,16NM_ITC1460-IjihuInkundu_plot293_r14c2,ITC1460,2,16NM_ITC0712-AAcvRose_plot85_r5c1,ITC0712,2018-11-14,2019-03-07,,,,,,,
1,NM201811_(136675C3/136510),Arusha,16NM_ITC1455-MchareMlelembo_plot403_r20c18,ITC1455-Mchare Mlelembo,3,16NM_ITC0609-Pahang_plot169_r9c1,ITC0609 Pahang,2018-10-30,2019-03-08,,,,,,,
1,NM201811_(136704C2/136510),Arusha,16NM_MchareLaini_plot257_r13c5,Mchare Laini,2,16NM_ITC0609-Pahang_plot169_r9c1,ITC0609 Pahang,2018-11-21,,,,,,,,
1,NM201811_(136712C2/136295),Arusha,16NM_Huti-white_plot111_r6c16,Huti-white,2,16NM_ITC0712-AAcvRose_plot84_r4c1,ITC0712,2018-11-07,,,,,,,,
1,NM201811_(136719C2/136460),Arusha,16NM_ITC1468-Kahuti_plot4_r1c4,ITC1468,2,16NM_ITC0712-AAcvRose_plot1_r1c1,ITC0712,2018-11-01,2019-01-15,,,,,,,
1,NM201811_(136722C2/136357),Arusha,16NM_MchareLaini_plot196_r10c15,Mchare Laini,2,16NM_ITC0609-Pahang_plot168_r8c1,ITC0609 Pahang,2018-11-06,,,,,,,,
1,NM201811_(152445C1/161584),Arusha,16NM_Huti-white_plot715r35c1,Huti-white,1,Males_ITC0609_Pahang_r1c11_plot13,ITC0609 Pahang,2018-11-29,2019-03-21,,,,,,,
1,NM201811_(152770C1/161584),Arusha,16NM_Huti-white_plot757r37c1,Huti-white,1,Males_ITC0609_Pahang_r1c11_plot13,ITC0609 Pahang,2018-11-16,,,,,,,,
1,NM201811_(152936C1/161503),Arusha,16NM_Huti-white_plot673r33c1,Huti-white,1,Males_ITCO712_Cv_Rose_r2c1_plot21,ITC0712 Cv Rose,2018-11-12,2019-03-21,,,,,,,
1,NM201812_(136304C2/136510),Arusha,16NM_ITC1460-IjihuInkundu_plot316_r16c21,ITC1460,2,16NM_ITC0609-Pahang_plot169_r9c1,ITC0609 Pahang,2018-12-31,,,,,,,,
1,NM201812_(136321C2/161503),Arusha,16NM_ITC1460-IjihuInkundu_plot291_r14c4,ITC1460,2,Males_ITCO712_Cv_Rose_r2c1_plot21,ITC0712 Cv Rose,2018-12-03,,,,,,,,
1,NM201812_(136363C2/161503),Arusha,16NM_ITC1468-Kahuti_plot49_r3c7,ITC1468,2,Males_ITCO712_Cv_Rose_r2c1_plot21,ITC0712 Cv Rose,2018-12-11,2019-03-19,,,,,,,
1,NM201812_(136365C2/161584),Arusha,16NM_ITC1468-Kahuti_plot24_r2c19,ITC1468,2,Males_ITC0609_Pahang_r1c11_plot13,ITC0609 Pahang,2018-12-18,,,,,,,,
1,NM201812_(136375C2/161584),Arusha,16NM_ITC1460-IjihuInkundu_plot314_r15c20,ITC1460,2,Males_ITC0609_Pahang_r1c11_plot13,ITC0609 Pahang,2018-12-06,2019-03-21,,,,,,,
1,NM201812_(136393C2/161503),Arusha,16NM_MchareLaini_plot270_r13c18,Mchare Laini,2,Males_ITCO712_Cv_Rose_r2c1_plot21,ITC0712 Cv Rose,2018-12-06,2019-03-25,,,,,,,
1,NM201812_(136402C2/161582),Arusha,16NM_Huti-white_plot180_r9c12,Huti-white,2,Males_ITCO712_Cv_Rose_r2c1_plot22,ITC0712 Cv Rose,2018-12-04,,,,,,,,
1,NM201812_(136447C2/161503),Arusha,16NM_ITC1460-IjihuInkundu_plot312_r15c18,ITC1460,2,Males_ITCO712_Cv_Rose_r2c1_plot21,ITC0712 Cv Rose,2018-12-06,,,,,,,,
1,NM201812_(136501C2/161584),Arusha,16NM_Huti-white_plot183_r9c15,Huti-white,2,Males_ITC0609_Pahang_r1c11_plot13,ITC0609 Pahang,2018-12-01,,,,,,,,
1,NM201812_(136530C2/136392),Arusha,16NM_ITC1455-MchareMlelembo_plot400_r20c21,ITC1455-Mchare Mlelembo,2,16NM_ITC0712-AAcvRose_plot43_r3c1,ITC0712,2018-12-12,2019-03-19,,,,,,,
1,NM201812_(136530C2/136706),Arusha,16NM_ITC1455-MchareMlelembo_plot400_r20c21,ITC1455-Mchare Mlelembo,2,16NM_ITC0712-AAcvRose_plot85_r5c1,ITC0712,2018-12-13,,,,,,,,
1,NM201812_(136536C2/136653),Arusha,16NM_Huti-white_plot151_r8c18,Huti-white,2,16NM_ITC0609-Pahang_plot210_r10c1,ITC0609 Pahang,2018-12-11,,,,,,,,
1,NM201812_(136560C2/136706),Arusha,16NM_ITC1468-Kahuti_plot86_r5c2,ITC1468,2,16NM_ITC0712-AAcvRose_plot85_r5c1,ITC0712,2018-12-13,,,,,,,,
1,NM201812_(136598C2/161503),Arusha,16NM_ITC1460-IjihuInkundu_plot344_r17c8,ITC1460,2,Males_ITCO712_Cv_Rose_r2c1_plot21,ITC0712 Cv Rose,2018-12-11,2019-01-11,,,,,,,
1,NM201812_(136644C2/161503),Arusha,16NM_ITC1468-Kahuti_plot48_r3c6,ITC1468,2,Males_ITCO712_Cv_Rose_r2c1_plot21,ITC0712 Cv Rose,2018-12-17,2019-03-19,,,,,,,
1,NM201812_(136652C2/161584),Arusha,16NM_ITC1468-Kahuti_plot50_r3c8,ITC1468,2,Males_ITC0609_Pahang_r1c11_plot13,ITC0609 Pahang,2018-12-20,,,,,,,,
1,NM201812_(136681C2/161584),Arusha,16NM_ITC1468-Kahuti_plot75_r4c10,ITC1468,2,Males_ITC0609_Pahang_r1c11_plot13,ITC0609 Pahang,2018-12-05,,,,,,,,
1,NM201812_(136691C2/161584),Arusha,16NM_ITC1460-IjihuInkundu_plot278_r14c17,ITC1460,2,Males_ITC0609_Pahang_r1c11_plot13,ITC0609 Pahang,2018-12-24,,,,,,,,
1,NM201812_(152405C1/161554),Arusha,16NM_Huti-white_plot211r11c1,Huti-white,1,Males__ITC0249_Calcutta4_r1c1_plot1,ITC0249 Calcutta 4,2018-12-11,,,,,,,,
1,NM201812_(152650C1/161503),Arusha,16NM_Huti-white_plot756r36c1,Huti-white,1,Males_ITCO712_Cv_Rose_r2c1_plot21,ITC0712 Cv Rose,2018-12-22,,,,,,,,
1,NM201812_(153012C1/161584),Arusha,16NM_Huti-white_plot714r34c1,Huti-white,1,Males_ITC0609_Pahang_r1c11_plot13,ITC0609 Pahang,2018-12-11,,,,,,,,
1,NM201812_(153130C1/161584),Arusha,16NM_Huti-white_plot19r1c19,Huti-white,1,Males_ITC0609_Pahang_r1c11_plot13,ITC0609 Pahang,2018-12-01,,,,,,,,
1,NM201901_(136290C2/161584),Arusha,16NM_ITC1468-Kahuti_plot102_r5c18,ITC1468,2,Males_ITC0609_Pahang_r1c11_plot13,ITC0609 Pahang,2019-01-08,,,,,,,,
1,NM201901_(136299C2/161584),Arusha,16NM_MchareLaini_plot194_r10c17,Mchare Laini,2,Males_ITC0609_Pahang_r1c11_plot13,ITC0609 Pahang,2019-01-14,,,,,,,,
1,NM201901_(136310C2/136706),Arusha,16NM_ITC1468-Kahuti_plot35_r2c8,ITC1468,2,16NM_ITC0712-AAcvRose_plot85_r5c1,ITC0712,2019-01-08,,,,,,,,
1,NM201901_(136332C2/136295),Arusha,16NM_ITC1455-MchareMlelembo_plot382_r19c4,ITC1455-Mchare Mlelembo,2,16NM_ITC0712-AAcvRose_plot84_r4c1,ITC0712,2019-01-08,,,,,,,,
1,NM201901_(136339C2/136706),Arusha,16NM_ITC1460-IjihuInkundu_plot311_r15c17,ITC1460,2,16NM_ITC0712-AAcvRose_plot85_r5c1,ITC0712,2019-01-08,,,,,,,,
1,NM201901_(136353C2/161503),Arusha,16NM_ITC1455-MchareMlelembo_plot361_r18c18,ITC1455-Mchare Mlelembo,2,Males_ITCO712_Cv_Rose_r2c1_plot21,ITC0712 Cv Rose,2019-01-22,,,,,,,,
1,NM201901_(136382C2/161503),Arusha,16NM_ITC1460-IjihuInkundu_plot355_r17c19,ITC1460,2,Males_ITCO712_Cv_Rose_r2c1_plot21,ITC0712 Cv Rose,2019-01-22,,,,,,,,
1,NM201901_(136408C2/161503),Arusha,16NM_MchareLaini_plot246_r12c7,Mchare Laini,2,Males_ITCO712_Cv_Rose_r2c1_plot21,ITC0712 Cv Rose,2019-01-22,,,,,,,,
1,NM201901_(136425C2/161503),Arusha,16NM_Huti-white_plot152_r8c17,Huti-white,2,Males_ITCO712_Cv_Rose_r2c1_plot21,ITC0712 Cv Rose,2019-01-17,,,,,,,,
1,NM201901_(136426C2/161584),Arusha,16NM_Huti-white_plot189_r9c21,Huti-white,2,Males_ITC0609_Pahang_r1c11_plot13,ITC0609 Pahang,2019-01-07,,,,,,,,
1,NM201901_(136432C3/136392),Arusha,16NM_ITC1455-MchareMlelembo_plot438_r21c18,ITC1455-Mchare Mlelembo,3,16NM_ITC0712-AAcvRose_plot43_r3c1,ITC0712,2019-01-11,,,,,,,,
1,NM201901_(136445C2/161584),Arusha,16NM_ITC1468-Kahuti_plot41_r2c2,ITC1468,2,Males_ITC0609_Pahang_r1c11_plot13,ITC0609 Pahang,2019-01-31,,,,,,,,
1,NM201901_(136481C2/161503),Arusha,16NM_MchareLaini_plot217_r11c7,Mchare Laini,2,Males_ITCO712_Cv_Rose_r2c1_plot21,ITC0712 Cv Rose,2019-01-22,,,,,,,,
1,NM201901_(136502C2/161503),Arusha,16NM_ITC1468-Kahuti_plot94_r5c10,ITC1468,2,Males_ITCO712_Cv_Rose_r2c1_plot21,ITC0712 Cv Rose,2019-01-22,,,,,,,,
1,NM201901_(136533C2/136706),Arusha,16NM_Huti-white_plot109_r6c18,Huti-white,2,16NM_ITC0712-AAcvRose_plot85_r5c1,ITC0712,2019-01-30,,,,,,,,
1,NM201901_(136578C2/161503),Arusha,16NM_MchareLaini_plot228_r11c18,Mchare Laini,2,Males_ITCO712_Cv_Rose_r2c1_plot21,ITC0712 Cv Rose,2019-01-14,,,,,,,,
1,NM201901_(136586C2/161584),Arusha,16NM_MchareLaini_plot191_r10c20,Mchare Laini,2,Males_ITC0609_Pahang_r1c11_plot13,ITC0609 Pahang,2019-01-14,,,,,,,,
1,NM201901_(136597C2/136392),Arusha,16NM_ITC1460-IjihuInkundu_plot352_r17c16,ITC1460,2,16NM_ITC0712-AAcvRose_plot43_r3c1,ITC0712,2019-01-02,,,,,,,,
1,NM201901_(136602C2/161477),Arusha,16NM_MchareLaini_plot251_r12c2,Mchare Laini,2,Males_ITCO712_Cv_Rose_r2c1_plot24,ITC0712 Cv Rose,2019-01-03,,,,,,,,
1,NM201901_(136672C2/161503),Arusha,16NM_ITC1468-Kahuti_plot88_r5c4,ITC1468,2,Males_ITCO712_Cv_Rose_r2c1_plot21,ITC0712 Cv Rose,2019-01-22,,,,,,,,
1,NM201901_(136698C2/161506),Arusha,16NM_MchareLaini_plot245_r12c8,Mchare Laini,2,Males_ITCO712_Cv_Rose_r2c1_plot26,ITC0712 Cv Rose,2019-01-24,,,,,,,,
1,NM201901_(152720C1/161503),Arusha,16NM_Huti-white_plot797r38c2,Huti-white,1,Males_ITCO712_Cv_Rose_r2c1_plot21,ITC0712 Cv Rose,2019-01-29,,,,,,,,
1,NM201901_(152744C1/161506),Arusha,16NM_Huti-white_plot589r29c1,Huti-white,1,Males_ITCO712_Cv_Rose_r2c1_plot26,ITC0712 Cv Rose,2019-01-24,,,,,,,,
1,NM201901_(152851C1/161564),Arusha,16NM_Huti-white_plot776r37c20,Huti-white,1,Males_ITCO712_Cv_Rose_r2c1_plot28,ITC0712 Cv Rose,2019-01-23,,,,,,,,
1,NM201901_(152942C1/161461),Arusha,16NM_Huti-white_plot315r15c21,Huti-white,1,Males_ITC0609_Pahang_r1c11_plot17,ITC0609 Pahang,2019-01-23,,,,,,,,
1,NM201901_(153009C1/161584),Arusha,16NM_Huti-white_plot190r10c21,Huti-white,1,Males_ITC0609_Pahang_r1c11_plot13,ITC0609 Pahang,2019-01-22,,,,,,,,
1,NM201901_(153017C1/161564),Arusha,16NM_Huti-white_plot779r38c20,Huti-white,1,Males_ITCO712_Cv_Rose_r2c1_plot28,ITC0712 Cv Rose,2019-01-23,,,,,,,,
1,NM201901_(153020C1/161548),Arusha,16NM_Huti-white_plot148r8c21,Huti-white,1,Males_ITC0609_Pahang_r1c11_plot19,ITC0609 Pahang,2019-01-24,,,,,,,,
1,NM201901_(153023C1/161503),Arusha,16NM_Huti-white_plot504r24c1,Huti-white,1,Males_ITCO712_Cv_Rose_r2c1_plot21,ITC0712 Cv Rose,2019-01-11,,,,,,,,
1,NM201901_(153119C1/161506),Arusha,16NM_Huti-white_plot547r27c1,Huti-white,1,Males_ITCO712_Cv_Rose_r2c1_plot26,ITC0712 Cv Rose,2019-01-25,,,,,,,,
1,NM201901_(153120C1/161503),Arusha,16NM_Huti-white_plot210r10c1,Huti-white,1,Males_ITCO712_Cv_Rose_r2c1_plot21,ITC0712 Cv Rose,2019-01-15,,,,,,,,
1,NM201901_(153162C1/161503),Arusha,16NM_Huti-white_plot799r39c1,Huti-white,1,Males_ITCO712_Cv_Rose_r2c1_plot21,ITC0712 Cv Rose,2019-01-17,,,,,,,,
1,NM201901_(153163C1/161548),Arusha,16NM_Huti-white_plot105r5c21,Huti-white,1,Males_ITC0609_Pahang_r1c11_plot19,ITC0609 Pahang,2019-01-15,,,,,,,,
1,NM201902_(136320C2/161541),Arusha,16NM_ITC1460-IjihuInkundu_plot350_r17c14,ITC1460,2,Males_ITC0609_Pahang_r1c11_plot12,ITC0609 Pahang,2019-02-21,,,,,,,,
1,NM201902_(136350C2/161541),Arusha,16NM_ITC1460-IjihuInkundu_plot280_r14c15,ITC1460,2,Males_ITC0609_Pahang_r1c11_plot12,ITC0609 Pahang,2019-02-21,,,,,,,,
1,NM201902_(136412C2/161412),Arusha,16NM_ITC1455-MchareMlelembo_plot440_r21c20,ITC1455-Mchare Mlelembo,2,Males_ITC0609_Pahang_r1c11_plot18,ITC0609 Pahang,2019-02-12,,,,,,,,
1,NM201902_(136467C2/161477),Arusha,16NM_ITC1468-Kahuti_plot100_r5c16,ITC1468,2,Males_ITCO712_Cv_Rose_r2c1_plot24,ITC0712 Cv Rose,2019-02-14,,,,,,,,
1,NM201902_(136478C3/161541),Arusha,16NM_MchareLaini_plot254_r13c2,Mchare Laini,3,Males_ITC0609_Pahang_r1c11_plot12,ITC0609 Pahang,2019-02-19,,,,,,,,
1,NM201902_(136485C2/161503),Arusha,16NM_Huti-white_plot143_r7c17,Huti-white,2,Males_ITCO712_Cv_Rose_r2c1_plot21,ITC0712 Cv Rose,2019-02-07,,,,,,,,
1,NM201902_(136499C2/161584),Arusha,16NM_ITC1468-Kahuti_plot36_r2c7,ITC1468,2,Males_ITC0609_Pahang_r1c11_plot13,ITC0609 Pahang,2019-02-07,,,,,,,,
1,NM201902_(136533C3/136490),Arusha,16NM_Huti-white_plot109_r6c18,Huti-white,3,16NM_ITC0712-AAcvRose_plot42_r2c1,ITC0712,2019-02-01,,,,,,,,
1,NM201902_(136562C2/161584),Arusha,16NM_ITC1455-MchareMlelembo_plot371_r18c8,ITC1455-Mchare Mlelembo,2,Males_ITC0609_Pahang_r1c11_plot13,ITC0609 Pahang,2019-02-07,,,,,,,,
1,NM201902_(136582C3/161477),Arusha,16NM_ITC1468-Kahuti_plot69_r4c16,ITC1468,3,Males_ITCO712_Cv_Rose_r2c1_plot24,ITC0712 Cv Rose,2019-02-14,,,,,,,,
1,NM201902_(136596C2/161582),Arusha,16NM_MchareLaini_plot212_r11c2,Mchare Laini,2,Males_ITCO712_Cv_Rose_r2c1_plot22,ITC0712 Cv Rose,2019-02-19,,,,,,,,
1,NM201902_(136635C2/136677),Arusha,16NM_MchareLaini_plot232_r12c21,Mchare Laini,2,16NM_ITC0249-Calcutta4_plot252_r12c1,ITC0249 Calcutta 4,2019-02-27,,,,,,,,
1,NM201902_(136705C2/161582),Arusha,16NM_ITC1468-Kahuti_plot105_r5c21,ITC1468,2,Males_ITCO712_Cv_Rose_r2c1_plot22,ITC0712 Cv Rose,2019-02-18,,,,,,,,
1,NM201902_(136714C2/161582),Arusha,16NM_Huti-white_plot146_r7c20,Huti-white,2,Males_ITCO712_Cv_Rose_r2c1_plot22,ITC0712 Cv Rose,2019-02-18,,,,,,,,
1,NM201902_(152370C1/161582),Arusha,16NM_Huti-white_plot358r18c21,Huti-white,1,Males_ITCO712_Cv_Rose_r2c1_plot22,ITC0712 Cv Rose,2019-02-19,,,,,,,,
1,NM201902_(152376C1/161582),Arusha,16NM_Huti-white_plot798r38c1,Huti-white,1,Males_ITCO712_Cv_Rose_r2c1_plot22,ITC0712 Cv Rose,2019-02-12,,,,,,,,
1,NM201902_(152411C1/161582),Arusha,16NM_Huti-white_plot337r17c1,Huti-white,1,Males_ITCO712_Cv_Rose_r2c1_plot22,ITC0712 Cv Rose,2019-02-19,,,,,,,,
1,NM201902_(152416C1/161582),Arusha,16NM_Huti-white_plot62r3c20,Huti-white,1,Males_ITCO712_Cv_Rose_r2c1_plot22,ITC0712 Cv Rose,2019-02-18,,,,,,,,
1,NM201902_(152427C1/161477),Arusha,16NM_Huti-white_plot758r37c2,Huti-white,1,Males_ITCO712_Cv_Rose_r2c1_plot24,ITC0712 Cv Rose,2019-02-14,,,,,,,,
1,NM201902_(152443C1/161477),Arusha,16NM_Huti-white_plot234r12c19,Huti-white,1,Males_ITCO712_Cv_Rose_r2c1_plot24,ITC0712 Cv Rose,2019-02-25,,,,,,,,
1,NM201902_(152457C1/161477),Arusha,16NM_Huti-white_plot716r35c2,Huti-white,1,Males_ITCO712_Cv_Rose_r2c1_plot24,ITC0712 Cv Rose,2019-02-14,,,,,,,,
1,NM201902_(152459C1/161582),Arusha,16NM_Huti-white_plot43r3c1,Huti-white,1,Males_ITCO712_Cv_Rose_r2c1_plot22,ITC0712 Cv Rose,2019-02-18,,,,,,,,
1,NM201902_(152491C1/161503),Arusha,16NM_Huti-white_plot379r19c1,Huti-white,1,Males_ITCO712_Cv_Rose_r2c1_plot21,ITC0712 Cv Rose,2019-02-01,,,,,,,,
1,NM201902_(152499C1/161582),Arusha,16NM_Huti-white_plot295r15c1,Huti-white,1,Males_ITCO712_Cv_Rose_r2c1_plot22,ITC0712 Cv Rose,2019-02-12,,,,,,,,
1,NM201902_(152513C1/161582),Arusha,16NM_Huti-white_plot64r4c21,Huti-white,1,Males_ITCO712_Cv_Rose_r2c1_plot22,ITC0712 Cv Rose,2019-02-12,,,,,,,,
1,NM201902_(152530C1/161477),Arusha,16NM_Huti-white_plot734r35c20,Huti-white,1,Males_ITCO712_Cv_Rose_r2c1_plot24,ITC0712 Cv Rose,2019-02-26,,,,,,,,
1,NM201902_(152544C1/161541),Arusha,16NM_Huti-white_plot800r39c2,Huti-white,1,Males_ITC0609_Pahang_r1c11_plot12,ITC0609 Pahang,2019-02-25,,,,,,,,
1,NM201902_(152694C1/161477),Arusha,16NM_Huti-white_plot717r35c3,Huti-white,1,Males_ITCO712_Cv_Rose_r2c1_plot24,ITC0712 Cv Rose,2019-02-25,,,,,,,,
1,NM201902_(152708C1/136604),Arusha,16NM_Huti-white_plot167r8c2,Huti-white,1,16NM_ITC0249-Calcutta4_plot253_r13c1,ITC0249 Calcutta 4,2019-02-27,,,,,,,,
1,NM201902_(152727C1/161584),Arusha,16NM_Huti-white_plot274r14c21,Huti-white,1,Males_ITC0609_Pahang_r1c11_plot13,ITC0609 Pahang,2019-02-01,,,,,,,,
1,NM201902_(152746C1/161541),Arusha,16NM_Huti-white_plot192r10c19,Huti-white,1,Males_ITC0609_Pahang_r1c11_plot12,ITC0609 Pahang,2019-02-18,,,,,,,,
1,NM201902_(152754C1/161477),Arusha,16NM_Huti-white_plot818r39c20,Huti-white,1,Males_ITCO712_Cv_Rose_r2c1_plot24,ITC0712 Cv Rose,2019-02-25,,,,,,,,
1,NM201902_(152756C1/136677),Arusha,16NM_Huti-white_plot150r8c19,Huti-white,1,16NM_ITC0249-Calcutta4_plot252_r12c1,ITC0249 Calcutta 4,2019-02-28,,,,,,,,
1,NM201902_(152798C1/161477),Arusha,16NM_Huti-white_plot316r16c21,Huti-white,1,Males_ITCO712_Cv_Rose_r2c1_plot24,ITC0712 Cv Rose,2019-02-26,,,,,,,,
1,NM201902_(152842C1/161541),Arusha,16NM_Huti-white_plot273r13c21,Huti-white,1,Males_ITC0609_Pahang_r1c11_plot12,ITC0609 Pahang,2019-02-15,,,,,,,,
1,NM201902_(152850C1/161477),Arusha,16NM_Huti-white_plot819r39c21,Huti-white,1,Males_ITCO712_Cv_Rose_r2c1_plot24,ITC0712 Cv Rose,2019-02-13,,,,,,,,
1,NM201902_(152854C1/161541),Arusha,16NM_Huti-white_plot104r5c20,Huti-white,1,Males_ITC0609_Pahang_r1c11_plot12,ITC0609 Pahang,2019-02-18,,,,,,,,
1,NM201902_(152862C1/161541),Arusha,16NM_Huti-white_plot801r39c3,Huti-white,1,Males_ITC0609_Pahang_r1c11_plot12,ITC0609 Pahang,2019-02-21,,,,,,,,
1,NM201902_(152961C1/161477),Arusha,16NM_Huti-white_plot755r36c2,Huti-white,1,Males_ITCO712_Cv_Rose_r2c1_plot24,ITC0712 Cv Rose,2019-02-21,,,,,,,,
1,NM201902_(152961C2/136653),Arusha,16NM_Huti-white_plot755r36c2,Huti-white,2,16NM_ITC0609-Pahang_plot210_r10c1,ITC0609 Pahang,2019-02-22,,,,,,,,
1,NM201902_(152976C1/161582),Arusha,16NM_Huti-white_plot630r30c1,Huti-white,1,Males_ITCO712_Cv_Rose_r2c1_plot22,ITC0712 Cv Rose,2019-02-18,,,,,,,,
1,NM201902_(152995C1/161503),Arusha,16NM_Huti-white_plot546r26c1,Huti-white,1,Males_ITCO712_Cv_Rose_r2c1_plot21,ITC0712 Cv Rose,2019-02-01,,,,,,,,
1,NM201902_(153028C1/161477),Arusha,16NM_Huti-white_plot106r6c21,Huti-white,1,Males_ITCO712_Cv_Rose_r2c1_plot24,ITC0712 Cv Rose,2019-02-25,,,,,,,,
1,NM201902_(153054C1/136510),Arusha,16NM_Huti-white_plot147r7c21,Huti-white,1,16NM_ITC0609-Pahang_plot169_r9c1,ITC0609 Pahang,2019-02-22,,,,,,,,
1,NM201902_(153088C1/161477),Arusha,16NM_Huti-white_plot357r17c21,Huti-white,1,Males_ITCO712_Cv_Rose_r2c1_plot24,ITC0712 Cv Rose,2019-02-20,,,,,,,,
1,NM201902_(153145C1/161541),Arusha,16NM_Huti-white_plot252r12c1,Huti-white,1,Males_ITC0609_Pahang_r1c11_plot12,ITC0609 Pahang,2019-02-28,,,,,,,,
5,NM201903_(136315C2/161582),Arusha,16NM_ITC1468-Kahuti_plot93_r5c9,ITC1468,2,Males_ITCO712_Cv_Rose_r2c1_plot22,ITC0712 Cv Rose,2019-03-25,,,,,,,,
2,NM201903_(136335C2/136510),Arusha,16NM_ITC1468-Kahuti_plot101_r5c17,ITC1468,2,16NM_ITC0609-Pahang_plot169_r9c1,ITC0609 Pahang,2019-03-06,,,,,,,,
2,NM201903_(136354C3/161424),Arusha,16NM_MchareLaini_plot249_r12c4,Mchare Laini,3,Males_ITC0609_Pahang_r1c11_plot20,ITC0609 Pahang,2019-03-19,2019-03-25,,,,,,,
5,NM201903_(136391C2/161582),Arusha,16NM_ITC1468-Kahuti_plot37_r2c6,ITC1468,2,Males_ITCO712_Cv_Rose_r2c1_plot22,ITC0712 Cv Rose,2019-03-25,,,,,,,,
2,NM201903_(136457C2/161582),Arusha,16NM_ITC1468-Kahuti_plot68_r4c17,ITC1468,2,Males_ITCO712_Cv_Rose_r2c1_plot22,ITC0712 Cv Rose,2019-03-19,,,,,,,,
2,NM201903_(136462C2/161582),Arusha,16NM_Huti-white_plot116_r6c11,Huti-white,2,Males_ITCO712_Cv_Rose_r2c1_plot22,ITC0712 Cv Rose,2019-03-14,,,,,,,,
2,NM201903_(136477C2/161468),Arusha,16NM_ITC1455-MchareMlelembo_plot392_r19c14,ITC1455-Mchare Mlelembo,2,Males_ITC0609_Pahang_r1c11_plot14,ITC0609 Pahang,2019-03-12,,,,,,,,
2,NM201903_(136520C2/136392),Arusha,16NM_ITC1455-MchareMlelembo_plot366_r18c13,ITC1455-Mchare Mlelembo,2,16NM_ITC0712-AAcvRose_plot43_r3c1,ITC0712,2019-03-06,,,,,,,,
2,NM201903_(136537C2/161424),Arusha,16NM_Huti-white_plot148_r8c21,Huti-white,2,Males_ITC0609_Pahang_r1c11_plot20,ITC0609 Pahang,2019-03-20,,,,,,,,
2,NM201903_(136556C2/161424),Arusha,16NM_ITC1468-Kahuti_plot60_r3c18,ITC1468,2,Males_ITC0609_Pahang_r1c11_plot20,ITC0609 Pahang,2019-03-14,,,,,,,,
2,NM201903_(136566C2/136510),Arusha,16NM_ITC1460-IjihuInkundu_plot346_r17c10,ITC1460,2,16NM_ITC0609-Pahang_plot169_r9c1,ITC0609 Pahang,2019-03-06,,,,,,,,
2,NM201903_(136615C2/136510),Arusha,16NM_ITC1468-Kahuti_plot63_r3c21,ITC1468,2,16NM_ITC0609-Pahang_plot169_r9c1,ITC0609 Pahang,2019-03-06,,,,,,,,
2,NM201903_(136645C2/136392),Arusha,16NM_ITC1455-MchareMlelembo_plot360_r18c19,ITC1455-Mchare Mlelembo,2,16NM_ITC0712-AAcvRose_plot43_r3c1,ITC0712,2019-03-06,,,,,,,,
2,NM201903_(136674C2/161582),Arusha,16NM_Huti-white_plot141_r7c15,Huti-white,2,Males_ITCO712_Cv_Rose_r2c1_plot22,ITC0712 Cv Rose,2019-03-14,,,,,,,,
2,NM201903_(152372C1/161582),Arusha,16NM_Huti-white_plot737r36c20,Huti-white,1,Males_ITCO712_Cv_Rose_r2c1_plot22,ITC0712 Cv Rose,2019-03-14,,,,,,,,
2,NM201903_(152378C1/161424),Arusha,16NM_Huti-white_plot84r4c1,Huti-white,1,Males_ITC0609_Pahang_r1c11_plot20,ITC0609 Pahang,2019-03-19,,,,,,,,
5,NM201903_(152408C1/161582),Arusha,16NM_Huti-white_plot527r26c20,Huti-white,1,Males_ITCO712_Cv_Rose_r2c1_plot22,ITC0712 Cv Rose,2019-03-25,,,,,,,,
2,NM201903_(152431C1/161582),Arusha,16NM_Huti-white_plot168r8c1,Huti-white,1,Males_ITCO712_Cv_Rose_r2c1_plot22,ITC0712 Cv Rose,2019-03-19,,,,,,,,
2,NM201903_(152435C1/161424),Arusha,16NM_Huti-white_plot145r7c19,Huti-white,1,Males_ITC0609_Pahang_r1c11_plot20,ITC0609 Pahang,2019-03-14,,,,,,,,
2,NM201903_(152486C1/161424),Arusha,16NM_Huti-white_plot61r3c19,Huti-white,1,Males_ITC0609_Pahang_r1c11_plot20,ITC0609 Pahang,2019-03-20,,,,,,,,
2,NM201903_(152495C1/161582),Arusha,16NM_Huti-white_plot189r9c21,Huti-white,1,Males_ITCO712_Cv_Rose_r2c1_plot22,ITC0712 Cv Rose,2019-03-20,,,,,,,,
2,NM201903_(152574C1/161582),Arusha,16NM_Huti-white_plot652r32c21,Huti-white,1,Males_ITCO712_Cv_Rose_r2c1_plot22,ITC0712 Cv Rose,2019-03-21,,,,,,,,
2,NM201903_(152589C1/161468),Arusha,16NM_Huti-white_plot272r13c20,Huti-white,1,Males_ITC0609_Pahang_r1c11_plot14,ITC0609 Pahang,2019-03-12,,,,,,,,
2,NM201903_(152591C1/161582),Arusha,16NM_Huti-white_plot775r37c19,Huti-white,1,Males_ITCO712_Cv_Rose_r2c1_plot22,ITC0712 Cv Rose,2019-03-19,,,,,,,,
5,NM201903_(152610C1/161582),Arusha,16NM_Huti-white_plot294r14c1,Huti-white,1,Males_ITCO712_Cv_Rose_r2c1_plot22,ITC0712 Cv Rose,2019-03-25,,,,,,,,
2,NM201903_(152615C1/161582),Arusha,16NM_Huti-white_plot275r14c20,Huti-white,1,Males_ITCO712_Cv_Rose_r2c1_plot22,ITC0712 Cv Rose,2019-03-12,,,,,,,,
2,NM201903_(152636C1/161582),Arusha,16NM_Huti-white_plot650r31c20,Huti-white,1,Males_ITCO712_Cv_Rose_r2c1_plot22,ITC0712 Cv Rose,2019-03-14,,,,,,,,
2,NM201903_(152645C1/161582),Arusha,16NM_Huti-white_plot191r10c20,Huti-white,1,Males_ITCO712_Cv_Rose_r2c1_plot22,ITC0712 Cv Rose,2019-03-21,,,,,,,,
2,NM201903_(152691C1/161582),Arusha,16NM_Huti-white_plot108r6c19,Huti-white,1,Males_ITCO712_Cv_Rose_r2c1_plot22,ITC0712 Cv Rose,2019-03-14,,,,,,,,
2,NM201903_(152695C1/161582),Arusha,16NM_Huti-white_plot462r22c1,Huti-white,1,Males_ITCO712_Cv_Rose_r2c1_plot22,ITC0712 Cv Rose,2019-03-19,,,,,,,,
2,NM201903_(152697C1/161582),Arusha,16NM_Huti-white_plot232r12c21,Huti-white,1,Males_ITCO712_Cv_Rose_r2c1_plot22,ITC0712 Cv Rose,2019-03-20,,,,,,,,
2,NM201903_(152697C2/161582),Arusha,16NM_Huti-white_plot232r12c21,Huti-white,2,Males_ITCO712_Cv_Rose_r2c1_plot22,ITC0712 Cv Rose,2019-03-21,,,,,,,,
2,NM201903_(152700C1/161582),Arusha,16NM_Huti-white_plot671r32c2,Huti-white,1,Males_ITCO712_Cv_Rose_r2c1_plot22,ITC0712 Cv Rose,2019-03-15,,,,,,,,
2,NM201903_(152802C1/161424),Arusha,16NM_Huti-white_plot611r30c20,Huti-white,1,Males_ITC0609_Pahang_r1c11_plot20,ITC0609 Pahang,2019-03-19,,,,,,,,
2,NM201903_(152861C1/161503),Arusha,16NM_Huti-white_plot314r15c20,Huti-white,1,Males_ITCO712_Cv_Rose_r2c1_plot21,ITC0712 Cv Rose,2019-03-06,,,,,,,,
5,NM201903_(152892C1/161424),Arusha,16NM_Huti-white_plot780r38c19,Huti-white,1,Males_ITC0609_Pahang_r1c11_plot20,ITC0609 Pahang,2019-03-25,,,,,,,,
2,NM201903_(152941C1/161424),Arusha,16NM_Huti-white_plot188r9c20,Huti-white,1,Males_ITC0609_Pahang_r1c11_plot20,ITC0609 Pahang,2019-03-20,,,,,,,,
2,NM201903_(152963C1/161582),Arusha,16NM_Huti-white_plot777r37c21,Huti-white,1,Males_ITCO712_Cv_Rose_r2c1_plot22,ITC0712 Cv Rose,2019-03-12,,,,,,,,
2,NM201903_(152985C1/161582),Arusha,16NM_Huti-white_plot317r16c20,Huti-white,1,Males_ITCO712_Cv_Rose_r2c1_plot22,ITC0712 Cv Rose,2019-03-12,,,,,,,,
5,NM201903_(152986C1/161582),Arusha,16NM_Huti-white_plot608r29c20,Huti-white,1,Males_ITCO712_Cv_Rose_r2c1_plot22,ITC0712 Cv Rose,2019-03-25,,,,,,,,
2,NM201903_(153030C1/136510),Arusha,16NM_Huti-white_plot65r4c20,Huti-white,1,16NM_ITC0609-Pahang_plot169_r9c1,ITC0609 Pahang,2019-03-06,,,,,,,,
2,NM201903_(153052C1/161582),Arusha,16NM_Huti-white_plot401r20c20,Huti-white,1,Males_ITCO712_Cv_Rose_r2c1_plot22,ITC0712 Cv Rose,2019-03-21,,,,,,,,
2,NM201903_(153083C1/161582),Arusha,16NM_Huti-white_plot253r13c1,Huti-white,1,Males_ITCO712_Cv_Rose_r2c1_plot22,ITC0712 Cv Rose,2019-03-13,,,,,,,,
2,NM201903_(153098C1/161582),Arusha,16NM_Huti-white_plot696r34c19,Huti-white,1,Males_ITCO712_Cv_Rose_r2c1_plot22,ITC0712 Cv Rose,2019-03-21,,,,,,,,
2,NM201903_(153118C1/161582),Arusha,16NM_Huti-white_plot631r31c1,Huti-white,1,Males_ITCO712_Cv_Rose_r2c1_plot22,ITC0712 Cv Rose,2019-03-15,,,,,,,,
2,NM201903_(153129C1/161582),Arusha,16NM_Huti-white_plot66r4c19,Huti-white,1,Males_ITCO712_Cv_Rose_r2c1_plot22,ITC0712 Cv Rose,2019-03-13,,,,,,,,
2,NM201903_(153170C1/161582),Arusha,16NM_Huti-white_plot146r7c20,Huti-white,1,Males_ITCO712_Cv_Rose_r2c1_plot22,ITC0712 Cv Rose,2019-03-14,,,,,,,,
