Location,Crossnumber,FemalePlotName,Mother,Cycle,MalePlotName,Father,First_Pollination_Date,Bunch_Harvest_Date,Seed_Extraction_Date,Total_Seeds,Good_Seeds,Number_of_Embryo_Rescued,Embryo_Rescue_Date,Germination_after_2_Weeks_Date,Active_after_2_Weeks,Germination_after_8_Weeks_Date,Active_after_8_Weeks
Arusha,BT201804_(136492C2/136283),16NM_ITC1455-MchareMlelembo_plot363_r18c16,ITC1455-Mchare Mlelembo,2,16NM_ITC0609-Pahang_plot127_r7c1,ITC0609 Pahang,2018-04-07,2018-09-11,2018-09-27,0,,,,,,,
Arusha,BT201804_(136513C2/136328),16NM_ITC1455-MchareMlelembo_plot398_r19c20,ITC1455-Mchare Mlelembo,2,16NM_ITC0609-Pahang_plot211_r11c1,ITC0609 Pahang,2018-04-06,2018-09-11,2018-10-08,0,,,,,,,
Arusha,BT201804_(136514C2/136328),16NM_ITC1455-MchareMlelembo_plot384_r19c6,ITC1455-Mchare Mlelembo,2,16NM_ITC0609-Pahang_plot211_r11c1,ITC0609 Pahang,2018-04-06,2018-09-26,2018-10-10,0,,,,,,,
Arusha,BT201804_(136642C2/136599),16NM_ITC1455-MchareMlelembo_plot394_r19c16,ITC1455-Mchare Mlelembo,2,16NM_ITC0712-AAcvRose_plot126_r6c1,ITC0712,2018-04-06,2018-10-02,2018-10-11,0,,,,,,,
Arusha,BT201804_(136650C2/136460),16NM_Huti-white_plot149_r8c20,Huti-white,2,16NM_ITC0712-AAcvRose_plot1_r1c1,ITC0712,2018-04-07,,,,,,,,,,
Arusha,NM201804_(136345C2/136328),16NM_ITC1455-MchareMlelembo_plot389_r19c11,ITC1455-Mchare Mlelembo,2,16NM_ITC0609-Pahang_plot211_r11c1,ITC0609 Pahang,2018-04-09,2018-10-02,2018-10-11,0,,,,,,,
Arusha,NM201804_(136468C2/136357),16NM_ITC1460-IjihuInkundu_plot300_r15c6,ITC1460,2,16NM_ITC0609-Pahang_plot168_r8c1,ITC0609 Pahang,2018-04-12,2018-11-08,2018-11-14,0,3,3,2018-12-05,2019-01-02,1,,
Arusha,NM201804_(136523C2/136490),16NM_ITC1468-Kahuti_plot44_r3c2,ITC1468,2,16NM_ITC0712-AAcvRose_plot42_r2c1,ITC0712,2018-04-23,,,,,,,,,,
Arusha,NM201804_(136664C2/136490),16NM_ITC1455-MchareMlelembo_plot365_r18c14,ITC1455-Mchare Mlelembo,2,16NM_ITC0712-AAcvRose_plot42_r2c1,ITC0712,2018-04-12,2018-11-09,2018-11-14,0,,,,,,,
Arusha,NM201804_(136697C2/136357),16NM_ITC1468-Kahuti_plot53_r3c11,ITC1468,2,16NM_ITC0609-Pahang_plot168_r8c1,ITC0609 Pahang,2018-04-16,2018-09-11,2018-09-27,0,,,,,,,
Arusha,NM201804_389,16NM_Huti-white_plot714r34c1,Huti-white,,,SH3142,2018-04-18,2018-10-22,,,,,,,,,
Arusha,NM201804_396,16NM_Huti-white_plot673r33c1,Huti-white,,,SH3142,2018-04-23,2018-11-08,2018-11-14,0,,,,,,,
Arusha,NM201805_(136302C2/136460),16NM_ITC1455-MchareMlelembo_plot368_r18c11,ITC1455-Mchare Mlelembo,2,16NM_ITC0712-AAcvRose_plot1_r1c1,ITC0712,2018-05-09,2018-10-17,,,,,,,,,
Arusha,NM201805_(136316C2/136460),16NM_ITC1460-IjihuInkundu_plot292_r14c3,ITC1460,2,16NM_ITC0712-AAcvRose_plot1_r1c1,ITC0712,2018-05-18,,,,,,,,,,
Arusha,NM201805_(136418C2/136460),16NM_ITC1455-MchareMlelembo_plot377_r18c2,ITC1455-Mchare Mlelembo,2,16NM_ITC0712-AAcvRose_plot1_r1c1,ITC0712,2018-05-14,2018-09-26,2018-10-11,0,,,,,,,
Arusha,NM201805_(136440C2/136460),16NM_ITC1468-Kahuti_plot39_r2c4,ITC1468,2,16NM_ITC0712-AAcvRose_plot1_r1c1,ITC0712,2018-05-09,2018-11-06,2018-11-14,0,,,,,,,
Arusha,NM201805_(136441C2/136460),16NM_ITC1468-Kahuti_plot64_r4c21,ITC1468,2,16NM_ITC0712-AAcvRose_plot1_r1c1,ITC0712,2018-05-22,,,,,,,,,,
Arusha,NM201805_(136456C2/136460),16NM_Huti-white_plot188_r9c20,Huti-white,2,16NM_ITC0712-AAcvRose_plot1_r1c1,ITC0712,2018-05-31,,,,,,,,,,
Arusha,NM201805_(136491C2/136460),16NM_ITC1468-Kahuti_plot22_r2c21,ITC1468,2,16NM_ITC0712-AAcvRose_plot1_r1c1,ITC0712,2018-05-22,,,,,,,,,,
Arusha,NM201805_(136494C2/136357),16NM_ITC1455-MchareMlelembo_plot399_r19c21,ITC1455-Mchare Mlelembo,2,16NM_ITC0609-Pahang_plot168_r8c1,ITC0609 Pahang,2018-05-22,2018-11-05,2018-11-14,0,,,,,,,
Arusha,NM201805_(136532C2/136460),16NM_ITC1468-Kahuti_plot20_r1c20,ITC1468,2,16NM_ITC0712-AAcvRose_plot1_r1c1,ITC0712,2018-05-09,,,,,,,,,,
Arusha,NM201805_(136532C3/136490),16NM_ITC1468-Kahuti_plot20_r1c20,ITC1468,3,16NM_ITC0712-AAcvRose_plot42_r2c1,ITC0712,2018-05-03,,,,,,,,,,
Arusha,NM201805_(136603C2/136357),16NM_ITC1455-MchareMlelembo_plot369_r18c10,ITC1455-Mchare Mlelembo,2,16NM_ITC0609-Pahang_plot168_r8c1,ITC0609 Pahang,2018-05-29,,,,,,,,,,
Arusha,NM201805_(136654C2/136460),16NM_ITC1455-MchareMlelembo_plot406_r20c15,ITC1455-Mchare Mlelembo,2,16NM_ITC0712-AAcvRose_plot1_r1c1,ITC0712,2018-05-14,2018-10-02,2018-10-11,0,,,,,,,
Arusha,NM201805_(136667C2/136357),16NM_ITC1468-Kahuti_plot70_r4c15,ITC1468,2,16NM_ITC0609-Pahang_plot168_r8c1,ITC0609 Pahang,2018-05-22,,,,,,,,,,
Arusha,NM201805_(136718C2/136460),16NM_ITC1468-Kahuti_plot38_r2c5,ITC1468,2,16NM_ITC0712-AAcvRose_plot1_r1c1,ITC0712,2018-05-18,2018-11-19,,,,,,,,,
Arusha,NM201805_402,16NM_Huti-white_plot84r4c1,Huti-white,,,SH3142,2018-05-01,2018-11-08,2018-11-14,0,,,,,,,
Arusha,NM201805_407,16NM_Huti-white_plot631r31c1,Huti-white,,,SH3142,2018-05-08,2018-10-22,2018-11-07,0,,,,,,,
Arusha,NM201805_408,16NM_Huti-white_plot43r3c1,Huti-white,,,SH3142,2018-05-09,2018-10-22,,,,,,,,,
Arusha,NM201805_410,16NM_Huti-white_plot294r14c1,Huti-white,,,SH3142,2018-05-09,2018-10-31,2018-11-07,0,,,,,,,
Arusha,NM201805_411,16NM_Huti-white_plot715r35c1,Huti-white,,,ITC0249 Calcutta 4,2018-05-09,2018-10-22,2018-11-01,1,1,1,2018-12-05,,,,
Arusha,NM201805_412,16NM_Huti-white_plot253r13c1,Huti-white,,,SH3142,2018-05-14,2018-10-22,2018-11-15,1,0,0,2018-11-13,,,,
Arusha,NM201805_413,16NM_Huti-white_plot462r22c1,Huti-white,,,SH3142,2018-05-14,2018-10-22,,,,,,,,,
Arusha,NM201805_414,16NM_Huti-white_plot798r38c1,Huti-white,,,SH3142,2018-05-14,2018-10-22,,,,,,,,,
Arusha,NM201805_421,16NM_Huti-white_plot295r15c1,Huti-white,,,SH3142,2018-05-17,2018-11-02,,,,,,,,,
Arusha,NM201805_422,16NM_Huti-white_plot587r28c2,Huti-white,,,ITC0253 Borneo,2018-05-18,2018-12-04,2018-12-13,0,,,,,,,
Arusha,NM201805_428,16NM_Huti-white_plot126r6c1,Huti-white,,,SH3142,2018-05-22,2018-11-08,,,,,,,,,
Arusha,NM201805_429,16NM_Huti-white_plot169r9c1,Huti-white,,,SH3142,2018-05-22,2018-11-08,2018-11-14,0,,,,,,,
Arusha,NM201805_432,16NM_Huti-white_plot168r8c1,Huti-white,,,SH3142,2018-05-25,2018-12-04,2018-12-13,0,,,,,,,
Arusha,NM201805_433,16NM_Huti-white_plot210r10c1,Huti-white,,,ITC0249 Calcutta 4,2018-05-25,2018-10-31,2018-11-14,0,,,,,,,
Arusha,NM201805_436,16NM_Huti-white_plot629r30c2,Huti-white,,,SH3142,2018-05-25,2018-10-31,2018-11-07,0,,,,,,,
Arusha,NM201805_438,16NM_Huti-white_plot251r12c2,Huti-white,,,SH3142,2018-05-30,2018-10-31,2018-11-14,0,,,,,,,
Arusha,NM201805_451,16NM_Huti-white_plot547r27c1,Huti-white,,,ITC0249 Calcutta 4,2018-05-06,2018-10-22,,,,,,,,,
Arusha,NM201805_453,16NM_Huti-white_plot588r28c1,Huti-white,,,SH3142,2018-05-08,2018-11-19,2018-11-30,0,,,,,,,
Arusha,NM201805_455,16NM_Huti-white_plot211r11c1,Huti-white,,,SH3142,2018-05-13,2018-11-08,2018-11-14,0,,,,,,,
Arusha,NM201806_(136314C2/136357),16NM_ITC1455-MchareMlelembo_plot434_r21c14,ITC1455-Mchare Mlelembo,2,16NM_ITC0609-Pahang_plot168_r8c1,ITC0609 Pahang,2018-06-29,2018-11-21,2018-12-13,0,,,,,,,
Arusha,NM201806_(136351C2/136460),16NM_MchareLaini_plot273_r13c21,Mchare Laini,2,16NM_ITC0712-AAcvRose_plot1_r1c1,ITC0712,2018-06-12,,,,,,,,,,
Arusha,NM201806_(136378C2/136653),16NM_ITC1468-Kahuti_plot23_r2c20,ITC1468,2,16NM_ITC0609-Pahang_plot210_r10c1,ITC0609 Pahang,2018-06-22,,,,,,,,,,
Arusha,NM201806_(136380C2/136357),16NM_ITC1455-MchareMlelembo_plot364_r18c15,ITC1455-Mchare Mlelembo,2,16NM_ITC0609-Pahang_plot168_r8c1,ITC0609 Pahang,2018-06-06,,,,,,,,,,
Arusha,NM201806_(136518C2/136510),16NM_ITC1468-Kahuti_plot18_r1c18,ITC1468,2,16NM_ITC0609-Pahang_plot169_r9c1,ITC0609 Pahang,2018-06-26,,,,,,,,,,
Arusha,NM201806_(136523C3/136460),16NM_ITC1468-Kahuti_plot44_r3c2,ITC1468,3,16NM_ITC0712-AAcvRose_plot1_r1c1,ITC0712,2018-06-12,,,,,,,,,,
Arusha,NM201806_(136567C2/136510),16NM_ITC1468-Kahuti_plot17_r1c17,ITC1468,2,16NM_ITC0609-Pahang_plot169_r9c1,ITC0609 Pahang,2018-06-26,,,,,,,,,,
Arusha,NM201806_(136634C2/136599),16NM_ITC1455-MchareMlelembo_plot414_r20c7,ITC1455-Mchare Mlelembo,2,16NM_ITC0712-AAcvRose_plot126_r6c1,ITC0712,2018-06-26,,,,,,,,,,
Arusha,NM201806_442,16NM_Huti-white_plot86r5c2,Huti-white,,,SH3142,2018-06-01,2018-11-08,2018-11-14,0,,,,,,,
Arusha,NM201806_443,16NM_Huti-white_plot546r26c1,Huti-white,,,SH3142,2018-06-01,2018-10-29,2018-11-14,0,,,,,,,
Arusha,NM201806_447,16NM_Huti-white_plot337r17c1,Huti-white,,,SH3142,2018-06-04,2018-11-19,2018-11-30,2,2,2,2018-12-05,,,,
Arusha,NM201806_448,16NM_Huti-white_plot504r24c1,Huti-white,,,SH3142,2018-06-04,2018-11-08,2018-11-16,2,2,2,2018-12-05,,,,
Arusha,NM201806_450,16NM_Huti-white_plot548r27c2,Huti-white,,,ITC0712 Cv Rose,2018-06-05,2018-11-19,2018-11-30,12,8,8,2018-12-05,2019-01-02,3,,
Arusha,NM201806_456,16NM_Huti-white_plot422r21c2,Huti-white,,,SH3142,2018-06-18,2018-12-04,2018-12-13,12,3,3,2019-01-11,,,,
Arusha,NM201806_461,16NM_Huti-white_plot41r2c2,Huti-white,,,SH3142,2018-06-20,2018-11-08,2018-11-14,0,,,,,,,
Arusha,NM201806_462,16NM_Huti-white_plot335r16c2,Huti-white,,,ITC0249 Calcutta 4,2018-06-20,2018-12-07,2018-12-13,20,14,14,2019-01-11,2019-01-28,2,,
Arusha,NM201806_468,16NM_Huti-white_plot756r36c1,Huti-white,,,SH3142,2018-06-22,2018-12-04,2018-12-13,0,,,,,,,
Arusha,NM201806_469,16NM_Huti-white_plot336r16c1,Huti-white,,,SH3142,2018-06-22,2019-01-03,2019-01-09,2,1,1,2019-01-11,,,,
Arusha,NM201806_470,16NM_Huti-white_plot630r30c1,Huti-white,,,SH3142,2018-06-26,2018-12-12,2018-12-20,2,,,,,,,
Arusha,NM201806_471,16NM_Huti-white_plot671r32c2,Huti-white,,,SH3142,2018-06-26,2019-01-02,2019-01-09,2,1,1,2019-01-11,,,,
Arusha,NM201806_472,16NM_Huti-white_plot545r26c2,Huti-white,,,SH3142,2018-06-26,2018-12-12,2018-12-20,3,,,,,,,
Arusha,NM201806_473,16NM_Huti-white_plot757r37c1,Huti-white,,,ITC0249 Calcutta 4,2018-06-26,2018-12-04,2018-12-13,3,2,2,2019-01-11,,,,
Arusha,NM201806_474,16NM_Huti-white_plot85r5c1,Huti-white,,,SH3142,2018-06-29,2018-12-03,2018-12-13,0,,,,,,,
Arusha,NM201806_475,16NM_Huti-white_plot254r13c2,Huti-white,,,SH3142,2018-06-29,,,,,,,,,,
Arusha,NM201806_476,16NM_Huti-white_plot419r20c2,Huti-white,,,SH3142,2018-06-29,,,,,,,,,,
Arusha,NM201807_(136331C2/136460),16NM_ITC1455-MchareMlelembo_plot431_r21c11,ITC1455-Mchare Mlelembo,2,16NM_ITC0712-AAcvRose_plot1_r1c1,ITC0712,2018-07-10,,,,,,,,,,
Arusha,NM201807_(136360C2/136357),16NM_ITC1468-Kahuti_plot14_r1c14,ITC1468,2,16NM_ITC0609-Pahang_plot168_r8c1,ITC0609 Pahang,2018-07-31,2018-12-10,2019-01-02,0,,,,,,,
Arusha,NM201807_(136388C2/136357),16NM_ITC1468-Kahuti_plot8_r1c8,ITC1468,2,16NM_ITC0609-Pahang_plot168_r8c1,ITC0609 Pahang,2018-07-05,,,,,,,,,,
Arusha,NM201807_(136478C2/136357),16NM_MchareLaini_plot254_r13c2,Mchare Laini,2,16NM_ITC0609-Pahang_plot168_r8c1,ITC0609 Pahang,2018-07-20,2019-01-12,2019-01-21,6,5,5,2019-01-28,,,,
Arusha,NM201807_(136534C2/136357),16NM_MchareLaini_plot231_r11c21,Mchare Laini,2,16NM_ITC0609-Pahang_plot168_r8c1,ITC0609 Pahang,2018-07-04,,,,,,,,,,
Arusha,NM201807_(136619C2/136460),16NM_ITC1468-Kahuti_plot26_r2c17,ITC1468,2,16NM_ITC0712-AAcvRose_plot1_r1c1,ITC0712,2018-07-30,2018-12-10,2019-01-02,5,2,2,2019-01-11,,,,
Arusha,NM201807_(136620C2/136357),16NM_MchareLaini_plot227_r11c17,Mchare Laini,2,16NM_ITC0609-Pahang_plot168_r8c1,ITC0609 Pahang,2018-07-17,,,,,,,,,,
Arusha,NM201807_(136632C2/136357),16NM_ITC1460-IjihuInkundu_plot277_r14c18,ITC1460,2,16NM_ITC0609-Pahang_plot168_r8c1,ITC0609 Pahang,2018-07-17,,,,,,,,,,
Arusha,NM201807_(136661C2/136460),16NM_ITC1468-Kahuti_plot19_r1c19,ITC1468,2,16NM_ITC0712-AAcvRose_plot1_r1c1,ITC0712,2018-07-17,2018-12-11,2019-01-02,0,,,,,,,
Arusha,NM201807_(136670C2/136460),16NM_Huti-white_plot166_r8c3,Huti-white,2,16NM_ITC0712-AAcvRose_plot1_r1c1,ITC0712,2018-07-04,2019-01-09,2019-01-15,3,2,2,2019-01-28,,,,
Arusha,NM201807_(136673C2/136460),16NM_ITC1468-Kahuti_plot30_r2c13,ITC1468,2,16NM_ITC0712-AAcvRose_plot1_r1c1,ITC0712,2018-07-25,2018-12-10,2019-01-02,0,,,,,,,
Arusha,NM201807_(136675C2/136357),16NM_ITC1455-MchareMlelembo_plot403_r20c18,ITC1455-Mchare Mlelembo,2,16NM_ITC0609-Pahang_plot168_r8c1,ITC0609 Pahang,2018-07-24,,,,,,,,,,
Arusha,NM201807_(136713C2/136357),16NM_ITC1468-Kahuti_plot9_r1c9,ITC1468,2,16NM_ITC0609-Pahang_plot168_r8c1,ITC0609 Pahang,2018-07-25,,,,,,,,,,
Arusha,NM201807_477,16NM_Huti-white_plot632r31c2,Huti-white,,,SH3142,2018-07-03,2019-01-02,2019-01-09,6,2,2,2019-01-11,,,,
Arusha,NM201807_483,16NM_Huti-white_plot380r19c2,Huti-white,,,SH3142,2018-07-06,2018-12-04,2018-12-13,5,2,2,2019-01-11,2019-01-28,1,,
Arusha,NM201807_484,16NM_Huti-white_plot125r6c2,Huti-white,,,SH3142,2018-07-09,2019-01-02,2019-01-09,6,2,2,2019-01-11,,,,
Arusha,NM201807_485,16NM_Huti-white_plot503r24c2,Huti-white,,,SH3142,2018-07-09,2019-01-02,2019-01-09,2,,,,,,,
Arusha,NM201807_486,16NM_Huti-white_plot799r39c1,Huti-white,,,SH3142,2018-07-09,2018-12-24,,,,,,,,,
Arusha,NM201807_490,16NM_Huti-white_plot83r4c2,Huti-white,,,SH3142,2018-07-12,2019-01-21,,,,,,,,,
Arusha,NM201807_491,16NM_Huti-white_plot44r3c2,Huti-white,,,SH3142,2018-07-12,2018-12-31,2019-01-15,0,,,,,,,
Arusha,NM201807_495,16NM_Huti-white_plot127r7c1,Huti-white,,,ITC0249 Calcutta 4,2018-07-16,,,,,,,,,,
Arusha,NM201807_496,16NM_Huti-white_plot420r20c1,Huti-white,,,ITC0249 Calcutta 4,2018-07-16,2019-01-02,,,,,,,,,
Arusha,NM201807_498,16NM_Huti-white_plot506r25c2,Huti-white,,,SH3142,2018-07-17,2019-01-02,2019-01-15,6,5,5,2019-01-28,,,,
Arusha,NM201807_500,16NM_Huti-white_plot128r7c2,Huti-white,,,ITC0253 Borneo,2018-07-20,,,,,,,,,,
Arusha,NM201807_503,16NM_Huti-white_plot296r15c2,Huti-white,,,SH3142,2018-07-20,2019-01-02,,,,,,,,,
Arusha,NM201807_505,16NM_Huti-white_plot421r21c1,Huti-white,,,ITC0249 Calcutta 4,2018-07-26,2018-12-24,,,,,,,,,
Arusha,NM201807_507,16NM_Huti-white_plot378r18c1,Huti-white,,,SH3142,2018-07-30,,,,,,,,,,
Arusha,NM201807_508,16NM_Huti-white_plot464r23c2,Huti-white,,,SH3142,2018-07-30,,,,,,,,,,
Arusha,NM201808_(136454C2/136490),16NM_ITC1455-MchareMlelembo_plot370_r18c9,ITC1455-Mchare Mlelembo,2,16NM_ITC0712-AAcvRose_plot42_r2c1,ITC0712,2018-08-16,,,,,,,,,,
Arusha,NM201808_(136454C2/136706),16NM_ITC1455-MchareMlelembo_plot370_r18c9,ITC1455-Mchare Mlelembo,2,16NM_ITC0712-AAcvRose_plot85_r5c1,ITC0712,2018-08-16,2019-01-23,2019-01-30,0,,,,,,,
Arusha,NM201808_(136497C2/136460),16NM_ITC1468-Kahuti_plot6_r1c6,ITC1468,2,16NM_ITC0712-AAcvRose_plot1_r1c1,ITC0712,2018-08-10,2018-12-31,2019-01-15,0,,,,,,,
Arusha,NM201808_(136540C2/136510),16NM_ITC1455-MchareMlelembo_plot441_r21c21,ITC1455-Mchare Mlelembo,2,16NM_ITC0609-Pahang_plot169_r9c1,ITC0609 Pahang,2018-08-03,,,,,,,,,,
Arusha,NM201808_(136540C3/136653),16NM_ITC1455-MchareMlelembo_plot441_r21c21,ITC1455-Mchare Mlelembo,3,16NM_ITC0609-Pahang_plot210_r10c1,ITC0609 Pahang,2018-08-07,,,,,,,,,,
Arusha,NM201808_(136571C2/136510),16NM_ITC1455-MchareMlelembo_plot401_r20c20,ITC1455-Mchare Mlelembo,2,16NM_ITC0609-Pahang_plot169_r9c1,ITC0609 Pahang,2018-08-10,,,,,,,,,,
Arusha,NM201808_(136601C2/136328),16NM_ITC1455-MchareMlelembo_plot426_r21c6,ITC1455-Mchare Mlelembo,2,16NM_ITC0609-Pahang_plot211_r11c1,ITC0609 Pahang,2018-08-16,,,,,,,,,,
Arusha,NM201808_(136601C2/136706),16NM_ITC1455-MchareMlelembo_plot426_r21c6,ITC1455-Mchare Mlelembo,2,16NM_ITC0712-AAcvRose_plot85_r5c1,ITC0712,2018-08-16,,,,,,,,,,
Arusha,NM201808_517,16NM_Huti-white_plot170r9c2,Huti-white,,,SH3142,2018-08-06,2019-01-15,,,,,,,,,
Arusha,NM201808_521,16NM_Huti-white_plot212r11c2,Huti-white,,,SH3142,2018-08-10,2019-01-15,2019-01-25,7,,,,,,,
Arusha,NM201808_522,16NM_Huti-white_plot377r18c2,Huti-white,,,SH3142,2018-08-10,2019-01-02,2019-01-09,2,1,1,2019-01-11,,,,
Arusha,NM201808_530,16NM_Huti-white_plot1r1c1,Huti-white,,,SH3142,2018-08-20,2019-01-02,2019-01-25,12,7,7,2019-01-28,,,,
Arusha,NM201808_531,16NM_Huti-white_plot461r22c2,Huti-white,,,SH3142,2018-08-20,2019-01-12,2019-01-21,12,,,,,,,
Arusha,NM201809_(136293C2/136357),16NM_ITC1468-Kahuti_plot16_r1c16,ITC1468,2,16NM_ITC0609-Pahang_plot168_r8c1,ITC0609 Pahang,2018-09-11,,,,,,,,,,
Arusha,NM201809_(136301C2/136295),16NM_ITC1455-MchareMlelembo_plot424_r21c4,ITC1455-Mchare Mlelembo,2,16NM_ITC0712-AAcvRose_plot84_r4c1,ITC0712,2018-09-28,,,,,,,,,,
Arusha,NM201809_(136330C2/136283),16NM_ITC1468-Kahuti_plot15_r1c15,ITC1468,2,16NM_ITC0609-Pahang_plot127_r7c1,ITC0609 Pahang,2018-09-19,,,,,,,,,,
Arusha,NM201809_(136371C2/136328),16NM_ITC1455-MchareMlelembo_plot412_r20c9,ITC1455-Mchare Mlelembo,2,16NM_ITC0609-Pahang_plot211_r11c1,ITC0609 Pahang,2018-09-12,2019-01-15,2019-01-25,3,,,,,,,
Arusha,NM201809_(136395C2/136460),16NM_ITC1468-Kahuti_plot5_r1c5,ITC1468,2,16NM_ITC0712-AAcvRose_plot1_r1c1,ITC0712,2018-09-10,,,,,,,,,,
Arusha,NM201809_(136417C2/136328),16NM_ITC1455-MchareMlelembo_plot430_r21c10,ITC1455-Mchare Mlelembo,2,16NM_ITC0609-Pahang_plot211_r11c1,ITC0609 Pahang,2018-09-12,2018-12-19,,,,,,,,,
Arusha,NM201809_(136423C2/136653),16NM_ITC1455-MchareMlelembo_plot415_r20c6,ITC1455-Mchare Mlelembo,2,16NM_ITC0609-Pahang_plot210_r10c1,ITC0609 Pahang,2018-09-04,2018-12-03,,,,,,,,,
Arusha,NM201809_(136443C2/136510),16NM_ITC1455-MchareMlelembo_plot417_r20c4,ITC1455-Mchare Mlelembo,2,16NM_ITC0609-Pahang_plot169_r9c1,ITC0609 Pahang,2018-09-27,,,,,,,,,,
Arusha,NM201809_(136444C2/136295),16NM_ITC1468-Kahuti_plot12_r1c12,ITC1468,2,16NM_ITC0712-AAcvRose_plot84_r4c1,ITC0712,2018-09-28,,,,,,,,,,
Arusha,NM201809_(136458C2/136510),16NM_ITC1455-MchareMlelembo_plot402_r20c19,ITC1455-Mchare Mlelembo,2,16NM_ITC0609-Pahang_plot169_r9c1,ITC0609 Pahang,2018-09-21,,,,,,,,,,
Arusha,NM201809_(136463C2/136490),16NM_ITC1455-MchareMlelembo_plot416_r20c5,ITC1455-Mchare Mlelembo,2,16NM_ITC0712-AAcvRose_plot42_r2c1,ITC0712,2018-09-04,,,,,,,,,,
Arusha,NM201809_(136487C2/136510),16NM_MchareLaini_plot269_r13c17,Mchare Laini,2,16NM_ITC0609-Pahang_plot169_r9c1,ITC0609 Pahang,2018-09-12,2019-01-23,2019-01-30,0,,,,,,,
Arusha,NM201809_(136506C2/136599),16NM_ITC1460-IjihuInkundu_plot317_r16c20,ITC1460,2,16NM_ITC0712-AAcvRose_plot126_r6c1,ITC0712,2018-09-12,,,,,,,,,,
Arusha,NM201809_(136525C2/136357),16NM_MchareLaini_plot272_r13c20,Mchare Laini,2,16NM_ITC0609-Pahang_plot168_r8c1,ITC0609 Pahang,2018-09-28,2019-02-07,,,,,,,,,
Arusha,NM201809_(136617C2/136460),16NM_ITC1468-Kahuti_plot7_r1c7,ITC1468,2,16NM_ITC0712-AAcvRose_plot1_r1c1,ITC0712,2018-09-25,,,,,,,,,,
Arusha,NM201809_(136622C2/136510),16NM_ITC1468-Kahuti_plot99_r5c15,ITC1468,2,16NM_ITC0609-Pahang_plot169_r9c1,ITC0609 Pahang,2018-09-27,,,,,,,,,,
Arusha,NM201809_(136636C2/136706),16NM_ITC1468-Kahuti_plot10_r1c10,ITC1468,2,16NM_ITC0712-AAcvRose_plot85_r5c1,ITC0712,2018-09-14,,,,,,,,,,
Arusha,NM201809_(136686C2/136510),16NM_MchareLaini_plot192_r10c19,Mchare Laini,2,16NM_ITC0609-Pahang_plot169_r9c1,ITC0609 Pahang,2018-09-26,,,,,,,,,,
Arusha,NM201809_(136689C2/136295),16NM_ITC1468-Kahuti_plot59_r3c17,ITC1468,2,16NM_ITC0712-AAcvRose_plot84_r4c1,ITC0712,2018-09-19,2019-01-23,2019-01-30,0,,,,,,,
Arusha,NM201809_(153086C1/161582),16NM_Huti-white_plot209r10c2,Huti-white,1,Males_ITCO712_Cv_Rose_r2c1_plot22,ITC0712 Cv Rose,2018-09-25,,,,,,,,,,
Arusha,NM201809_538,16NM_Huti-white_plot2r1c2,Huti-white,,,ITC0609 Pahang,2018-09-03,,,,,,,,,,
Arusha,NM201809_552,16NM_Huti-white_plot209r10c2,Huti-white,,,ITC0712 Cv Rose,2018-09-24,,,,,,,,,,
Arusha,NM201809_553,16NM_Huti-white_plot338r17c2,Huti-white,,,ITC0253 Borneo,2018-09-24,,,,,,,,,,
Arusha,NM201810_(136294C2/161548),16NM_ITC1468-Kahuti_plot55_r3c13,ITC1468,2,Males_ITC0609_Pahang_r1c11_plot19,ITC0609 Pahang,2018-10-03,,,,,,,,,,
Arusha,NM201810_(136300C2/136460),16NM_ITC1468-Kahuti_plot57_r3c15,ITC1468,2,16NM_ITC0712-AAcvRose_plot1_r1c1,ITC0712,2018-10-01,,,,,,,,,,
Arusha,NM201810_(136301C2/136653),16NM_ITC1455-MchareMlelembo_plot424_r21c4,ITC1455-Mchare Mlelembo,2,16NM_ITC0609-Pahang_plot210_r10c1,ITC0609 Pahang,2018-09-29,,,,,,,,,,
Arusha,NM201810_(136309C2/136460),16NM_ITC1468-Kahuti_plot31_r2c12,ITC1468,2,16NM_ITC0712-AAcvRose_plot1_r1c1,ITC0712,2018-10-08,2019-01-23,,,,,,,,,
Arusha,NM201810_(136311C2/136510),16NM_ITC1468-Kahuti_plot11_r1c11,ITC1468,2,16NM_ITC0609-Pahang_plot169_r9c1,ITC0609 Pahang,2018-10-02,2019-02-07,,,,,,,,,
Arusha,NM201810_(136316C2/136460),16NM_ITC1460-IjihuInkundu_plot292_r14c3,ITC1460,2,16NM_ITC0712-AAcvRose_plot1_r1c1,ITC0712,2018-10-09,,,,,,,,,,
Arusha,NM201810_(136319C2/136357),16NM_ITC1468-Kahuti_plot29_r2c14,ITC1468,2,16NM_ITC0609-Pahang_plot168_r8c1,ITC0609 Pahang,2018-10-19,,,,,,,,,,
Arusha,NM201810_(136325C2/136460),16NM_ITC1455-MchareMlelembo_plot429_r21c9,ITC1455-Mchare Mlelembo,2,16NM_ITC0712-AAcvRose_plot1_r1c1,ITC0712,2018-10-26,,,,,,,,,,
Arusha,NM201810_(136327C2/136490),16NM_ITC1468-Kahuti_plot58_r3c16,ITC1468,2,16NM_ITC0712-AAcvRose_plot42_r2c1,ITC0712,2018-10-16,2019-02-13,,,,,,,,,
Arusha,NM201810_(136376C2/136460),16NM_ITC1460-IjihuInkundu_plot307_r15c13,ITC1460,2,16NM_ITC0712-AAcvRose_plot1_r1c1,ITC0712,2018-10-03,2019-01-23,,,,,,,,,
Arusha,NM201810_(136381C2/136357),16NM_ITC1468-Kahuti_plot96_r5c12,ITC1468,2,16NM_ITC0609-Pahang_plot168_r8c1,ITC0609 Pahang,2018-10-16,,,,,,,,,,
Arusha,NM201810_(136432C2/136357),16NM_ITC1455-MchareMlelembo_plot438_r21c18,ITC1455-Mchare Mlelembo,2,16NM_ITC0609-Pahang_plot168_r8c1,ITC0609 Pahang,2018-10-16,,,,,,,,,,
Arusha,NM201810_(136442C2/136510),16NM_ITC1468-Kahuti_plot97_r5c13,ITC1468,2,16NM_ITC0609-Pahang_plot169_r9c1,ITC0609 Pahang,2018-10-01,,,,,,,,,,
Arusha,NM201810_(136444C2/136460),16NM_ITC1468-Kahuti_plot12_r1c12,ITC1468,2,16NM_ITC0712-AAcvRose_plot1_r1c1,ITC0712,2018-10-03,,,,,,,,,,
Arusha,NM201810_(136451C2/136510),16NM_ITC1455-MchareMlelembo_plot405_r20c16,ITC1455-Mchare Mlelembo,2,16NM_ITC0609-Pahang_plot169_r9c1,ITC0609 Pahang,2018-10-02,,,,,,,,,,
Arusha,NM201810_(136464C2/136295),16NM_ITC1460-IjihuInkundu_plot338_r17c2,ITC1460,2,16NM_ITC0712-AAcvRose_plot84_r4c1,ITC0712,2018-10-17,,,,,,,,,,
Arusha,NM201810_(136473C2/136460),16NM_ITC1468-Kahuti_plot83_r4c2,ITC1468,2,16NM_ITC0712-AAcvRose_plot1_r1c1,ITC0712,2018-10-08,,,,,,,,,,
Arusha,NM201810_(136482C2/136510),16NM_ITC1460-IjihuInkundu_plot328_r16c9,ITC1460,2,16NM_ITC0609-Pahang_plot169_r9c1,ITC0609 Pahang,2018-10-26,,,,,,,,,,
Arusha,NM201810_(136493C2/136460),16NM_ITC1468-Kahuti_plot46_r3c4,ITC1468,2,16NM_ITC0712-AAcvRose_plot1_r1c1,ITC0712,2018-10-04,,,,,,,,,,
Arusha,NM201810_(136496C2/136460),16NM_ITC1460-IjihuInkundu_plot301_r15c7,ITC1460,2,16NM_ITC0712-AAcvRose_plot1_r1c1,ITC0712,2018-10-29,,,,,,,,,,
Arusha,NM201810_(136498C2/136460),16NM_ITC1455-MchareMlelembo_plot436_r21c16,ITC1455-Mchare Mlelembo,2,16NM_ITC0712-AAcvRose_plot1_r1c1,ITC0712,2018-10-08,2019-01-29,,,,,,,,,
Arusha,NM201810_(136507C2/161548),16NM_ITC1460-IjihuInkundu_plot296_r15c2,ITC1460,2,Males_ITC0609_Pahang_r1c11_plot19,ITC0609 Pahang,2018-10-08,2019-01-24,2019-01-31,105,,,,,,,
Arusha,NM201810_(136516C2/136460),16NM_ITC1455-MchareMlelembo_plot407_r20c14,ITC1455-Mchare Mlelembo,2,16NM_ITC0712-AAcvRose_plot1_r1c1,ITC0712,2018-10-08,2019-02-01,,,,,,,,,
Arusha,NM201810_(136521C2/136460),16NM_Huti-white_plot125_r6c2,Huti-white,2,16NM_ITC0712-AAcvRose_plot1_r1c1,ITC0712,2018-10-29,,,,,,,,,,
Arusha,NM201810_(136545C2/136460),16NM_ITC1460-IjihuInkundu_plot349_r17c13,ITC1460,2,16NM_ITC0712-AAcvRose_plot1_r1c1,ITC0712,2018-10-22,,,,,,,,,,
Arusha,NM201810_(136545C3/136460),16NM_ITC1460-IjihuInkundu_plot349_r17c13,ITC1460,3,16NM_ITC0712-AAcvRose_plot1_r1c1,ITC0712,2018-10-26,,,,,,,,,,
Arusha,NM201810_(136564C2/136460),16NM_ITC1460-IjihuInkundu_plot289_r14c6,ITC1460,2,16NM_ITC0712-AAcvRose_plot1_r1c1,ITC0712,2018-10-03,,,,,,,,,,
Arusha,NM201810_(136573C2/136510),16NM_ITC1468-Kahuti_plot82_r4c3,ITC1468,2,16NM_ITC0609-Pahang_plot169_r9c1,ITC0609 Pahang,2018-10-29,2019-02-07,,,,,,,,,
Arusha,NM201810_(136582C2/136460),16NM_ITC1468-Kahuti_plot69_r4c16,ITC1468,2,16NM_ITC0712-AAcvRose_plot1_r1c1,ITC0712,2018-10-02,,,,,,,,,,
Arusha,NM201810_(136588C2/136460),16NM_Huti-white_plot187_r9c19,Huti-white,2,16NM_ITC0712-AAcvRose_plot1_r1c1,ITC0712,2018-10-12,,,,,,,,,,
Arusha,NM201810_(136589C2/136706),16NM_ITC1455-MchareMlelembo_plot404_r20c17,ITC1455-Mchare Mlelembo,2,16NM_ITC0712-AAcvRose_plot85_r5c1,ITC0712,2018-10-24,,,,,,,,,,
Arusha,NM201810_(136609C2/161424),16NM_MchareLaini_plot216_r11c6,Mchare Laini,2,Males_ITC0609_Pahang_r1c11_plot20,ITC0609 Pahang,2018-10-03,,,,,,,,,,
Arusha,NM201810_(136623C2/136510),16NM_ITC1468-Kahuti_plot72_r4c13,ITC1468,2,16NM_ITC0609-Pahang_plot169_r9c1,ITC0609 Pahang,2018-10-29,,,,,,,,,,
Arusha,NM201810_(136663C2/136460),16NM_ITC1468-Kahuti_plot54_r3c12,ITC1468,2,16NM_ITC0712-AAcvRose_plot1_r1c1,ITC0712,2018-10-02,,,,,,,,,,
Arusha,NM201810_(136668C2/136295),16NM_ITC1460-IjihuInkundu_plot322_r16c15,ITC1460,2,16NM_ITC0712-AAcvRose_plot84_r4c1,ITC0712,2018-10-19,,,,,,,,,,
Arusha,NM201810_(136669C2/136357),16NM_ITC1460-IjihuInkundu_plot353_r17c17,ITC1460,2,16NM_ITC0609-Pahang_plot168_r8c1,ITC0609 Pahang,2018-10-18,,,,,,,,,,
Arusha,NM201810_(136679C2/136653),16NM_ITC1460-IjihuInkundu_plot310_r15c16,ITC1460,2,16NM_ITC0609-Pahang_plot210_r10c1,ITC0609 Pahang,2018-10-24,2019-01-24,2019-01-31,32,,,,,,,
Arusha,NM201810_(136680C2/136295),16NM_ITC1460-IjihuInkundu_plot283_r14c12,ITC1460,2,16NM_ITC0712-AAcvRose_plot84_r4c1,ITC0712,2018-10-19,,,,,,,,,,
Arusha,NM201810_(136694C2/136510),16NM_Huti-white_plot130_r7c4,Huti-white,2,16NM_ITC0609-Pahang_plot169_r9c1,ITC0609 Pahang,2018-10-26,,,,,,,,,,
Arusha,NM201810_(136700C2/136357),16NM_ITC1460-IjihuInkundu_plot354_r17c18,ITC1460,2,16NM_ITC0609-Pahang_plot168_r8c1,ITC0609 Pahang,2018-10-18,,,,,,,,,,
Arusha,NM201810_(136703C2/136510),16NM_ITC1468-Kahuti_plot13_r1c13,ITC1468,2,16NM_ITC0609-Pahang_plot169_r9c1,ITC0609 Pahang,2018-10-01,,,,,,,,,,
Arusha,NM201810_(136716C2/161548),16NM_ITC1455-MchareMlelembo_plot408_r20c13,ITC1455-Mchare Mlelembo,2,Males_ITC0609_Pahang_r1c11_plot19,ITC0609 Pahang,2018-10-08,2019-02-01,,,,,,,,,
Arusha,NM201811_(136284C2/136357),16NM_ITC1468-Kahuti_plot32_r2c11,ITC1468,2,16NM_ITC0609-Pahang_plot168_r8c1,ITC0609 Pahang,2018-11-06,,,,,,,,,,
Arusha,NM201811_(136289C2/136295),16NM_ITC1468-Kahuti_plot71_r4c14,ITC1468,2,16NM_ITC0712-AAcvRose_plot84_r4c1,ITC0712,2018-11-07,,,,,,,,,,
Arusha,NM201811_(136298C2/136295),16NM_MchareLaini_plot259_r13c7,Mchare Laini,2,16NM_ITC0712-AAcvRose_plot84_r4c1,ITC0712,2018-11-06,2018-12-05,,,,,,,,,
Arusha,NM201811_(136340C2/136357),16NM_ITC1468-Kahuti_plot62_r3c20,ITC1468,2,16NM_ITC0609-Pahang_plot168_r8c1,ITC0609 Pahang,2018-11-21,,,,,,,,,,
Arusha,NM201811_(136346C2/136357),16NM_Huti-white_plot129_r7c3,Huti-white,2,16NM_ITC0609-Pahang_plot168_r8c1,ITC0609 Pahang,2018-11-06,,,,,,,,,,
Arusha,NM201811_(136354C2/136295),16NM_MchareLaini_plot249_r12c4,Mchare Laini,2,16NM_ITC0712-AAcvRose_plot84_r4c1,ITC0712,2018-11-09,,,,,,,,,,
Arusha,NM201811_(136367C2/136357),16NM_Huti-white_plot140_r7c14,Huti-white,2,16NM_ITC0609-Pahang_plot168_r8c1,ITC0609 Pahang,2018-11-07,,,,,,,,,,
Arusha,NM201811_(136381C3/136283),16NM_ITC1468-Kahuti_plot96_r5c12,ITC1468,3,16NM_ITC0609-Pahang_plot127_r7c1,ITC0609 Pahang,2018-11-09,,,,,,,,,,
Arusha,NM201811_(136390C2/136653),16NM_ITC1460-IjihuInkundu_plot335_r16c2,ITC1460,2,16NM_ITC0609-Pahang_plot210_r10c1,ITC0609 Pahang,2018-11-14,,,,,,,,,,
Arusha,NM201811_(136397C2/136653),16NM_ITC1468-Kahuti_plot21_r1c21,ITC1468,2,16NM_ITC0609-Pahang_plot210_r10c1,ITC0609 Pahang,2018-11-14,,,,,,,,,,
Arusha,NM201811_(136406C2/136706),16NM_ITC1460-IjihuInkundu_plot351_r17c15,ITC1460,2,16NM_ITC0712-AAcvRose_plot85_r5c1,ITC0712,2018-11-14,,,,,,,,,,
Arusha,NM201811_(136429C2/161503),16NM_MchareLaini_plot266_r13c14,Mchare Laini,2,Males_ITCO712_Cv_Rose_r2c1_plot21,ITC0712 Cv Rose,2018-11-29,,,,,,,,,,
Arusha,NM201811_(136433C2/136653),16NM_Huti-white_plot107_r6c20,Huti-white,2,16NM_ITC0609-Pahang_plot210_r10c1,ITC0609 Pahang,2018-11-12,,,,,,,,,,
Arusha,NM201811_(136434C2/136357),16NM_ITC1468-Kahuti_plot87_r5c3,ITC1468,2,16NM_ITC0609-Pahang_plot168_r8c1,ITC0609 Pahang,2018-11-08,2019-02-07,,,,,,,,,
Arusha,NM201811_(136476C2/136392),16NM_ITC1460-IjihuInkundu_plot308_r15c14,ITC1460,2,16NM_ITC0712-AAcvRose_plot43_r3c1,ITC0712,2018-11-16,,,,,,,,,,
Arusha,NM201811_(136484C2/136357),16NM_Huti-white_plot122_r6c5,Huti-white,2,16NM_ITC0609-Pahang_plot168_r8c1,ITC0609 Pahang,2018-11-22,,,,,,,,,,
Arusha,NM201811_(136495C2/136510),16NM_MchareLaini_plot235_r12c18,Mchare Laini,2,16NM_ITC0609-Pahang_plot169_r9c1,ITC0609 Pahang,2018-10-30,,,,,,,,,,
Arusha,NM201811_(136524C2/161584),16NM_ITC1468-Kahuti_plot27_r2c16,ITC1468,2,Males_ITC0609_Pahang_r1c11_plot13,ITC0609 Pahang,2018-11-27,,,,,,,,,,
Arusha,NM201811_(136527C2/136510),16NM_MchareLaini_plot190_r10c21,Mchare Laini,2,16NM_ITC0609-Pahang_plot169_r9c1,ITC0609 Pahang,2018-11-02,,,,,,,,,,
Arusha,NM201811_(136529C2/136510),16NM_ITC1468-Kahuti_plot95_r5c11,ITC1468,2,16NM_ITC0609-Pahang_plot169_r9c1,ITC0609 Pahang,2018-11-13,,,,,,,,,,
Arusha,NM201811_(136554C2/136460),16NM_ITC1468-Kahuti_plot81_r4c4,ITC1468,2,16NM_ITC0712-AAcvRose_plot1_r1c1,ITC0712,2018-11-22,,,,,,,,,,
Arusha,NM201811_(136581C2/136460),16NM_ITC1460-IjihuInkundu_plot345_r17c9,ITC1460,2,16NM_ITC0712-AAcvRose_plot1_r1c1,ITC0712,2018-11-02,,,,,,,,,,
Arusha,NM201811_(136627C2/136460),16NM_MchareLaini_plot255_r13c3,Mchare Laini,2,16NM_ITC0712-AAcvRose_plot1_r1c1,ITC0712,2018-11-06,2019-02-07,,,,,,,,,
Arusha,NM201811_(136628C2/136460),16NM_ITC1460-IjihuInkundu_plot297_r15c3,ITC1460,2,16NM_ITC0712-AAcvRose_plot1_r1c1,ITC0712,2018-11-02,,,,,,,,,,
Arusha,NM201811_(136648C2/136357),16NM_ITC1460-IjihuInkundu_plot290_r14c5,ITC1460,2,16NM_ITC0609-Pahang_plot168_r8c1,ITC0609 Pahang,2018-11-06,,,,,,,,,,
Arusha,NM201811_(136659C2/161503),16NM_ITC1468-Kahuti_plot56_r3c14,ITC1468,2,Males_ITCO712_Cv_Rose_r2c1_plot21,ITC0712 Cv Rose,2018-11-29,,,,,,,,,,
Arusha,NM201811_(136662C2/136706),16NM_ITC1460-IjihuInkundu_plot293_r14c2,ITC1460,2,16NM_ITC0712-AAcvRose_plot85_r5c1,ITC0712,2018-11-14,,,,,,,,,,
Arusha,NM201811_(136675C3/136510),16NM_ITC1455-MchareMlelembo_plot403_r20c18,ITC1455-Mchare Mlelembo,3,16NM_ITC0609-Pahang_plot169_r9c1,ITC0609 Pahang,2018-10-30,,,,,,,,,,
Arusha,NM201811_(136704C2/136510),16NM_MchareLaini_plot257_r13c5,Mchare Laini,2,16NM_ITC0609-Pahang_plot169_r9c1,ITC0609 Pahang,2018-11-21,,,,,,,,,,
Arusha,NM201811_(136712C2/136295),16NM_Huti-white_plot111_r6c16,Huti-white,2,16NM_ITC0712-AAcvRose_plot84_r4c1,ITC0712,2018-11-07,,,,,,,,,,
Arusha,NM201811_(136719C2/136460),16NM_ITC1468-Kahuti_plot4_r1c4,ITC1468,2,16NM_ITC0712-AAcvRose_plot1_r1c1,ITC0712,2018-11-01,2019-01-15,,,,,,,,,
Arusha,NM201811_(136722C2/136357),16NM_MchareLaini_plot196_r10c15,Mchare Laini,2,16NM_ITC0609-Pahang_plot168_r8c1,ITC0609 Pahang,2018-11-06,,,,,,,,,,
Arusha,NM201811_(152445C1/161584),16NM_Huti-white_plot715r35c1,Huti-white,1,Males_ITC0609_Pahang_r1c11_plot13,ITC0609 Pahang,2018-11-29,,,,,,,,,,
Arusha,NM201811_(152770C1/161584),16NM_Huti-white_plot757r37c1,Huti-white,1,Males_ITC0609_Pahang_r1c11_plot13,ITC0609 Pahang,2018-11-16,,,,,,,,,,
Arusha,NM201811_(152936C1/161503),16NM_Huti-white_plot673r33c1,Huti-white,1,Males_ITCO712_Cv_Rose_r2c1_plot21,ITC0712 Cv Rose,2018-11-12,,,,,,,,,,
Arusha,NM201812_(136304C2/136510),16NM_ITC1460-IjihuInkundu_plot316_r16c21,ITC1460,2,16NM_ITC0609-Pahang_plot169_r9c1,ITC0609 Pahang,2018-12-31,,,,,,,,,,
Arusha,NM201812_(136321C2/161503),16NM_ITC1460-IjihuInkundu_plot291_r14c4,ITC1460,2,Males_ITCO712_Cv_Rose_r2c1_plot21,ITC0712 Cv Rose,2018-12-03,,,,,,,,,,
Arusha,NM201812_(136363C2/161503),16NM_ITC1468-Kahuti_plot49_r3c7,ITC1468,2,Males_ITCO712_Cv_Rose_r2c1_plot21,ITC0712 Cv Rose,2018-12-11,,,,,,,,,,
Arusha,NM201812_(136365C2/161584),16NM_ITC1468-Kahuti_plot24_r2c19,ITC1468,2,Males_ITC0609_Pahang_r1c11_plot13,ITC0609 Pahang,2018-12-18,,,,,,,,,,
Arusha,NM201812_(136375C2/161584),16NM_ITC1460-IjihuInkundu_plot314_r15c20,ITC1460,2,Males_ITC0609_Pahang_r1c11_plot13,ITC0609 Pahang,2018-12-06,,,,,,,,,,
Arusha,NM201812_(136393C2/161503),16NM_MchareLaini_plot270_r13c18,Mchare Laini,2,Males_ITCO712_Cv_Rose_r2c1_plot21,ITC0712 Cv Rose,2018-12-06,,,,,,,,,,
Arusha,NM201812_(136402C2/161582),16NM_Huti-white_plot180_r9c12,Huti-white,2,Males_ITCO712_Cv_Rose_r2c1_plot22,ITC0712 Cv Rose,2018-12-04,,,,,,,,,,
Arusha,NM201812_(136447C2/161503),16NM_ITC1460-IjihuInkundu_plot312_r15c18,ITC1460,2,Males_ITCO712_Cv_Rose_r2c1_plot21,ITC0712 Cv Rose,2018-12-06,,,,,,,,,,
Arusha,NM201812_(136501C2/161584),16NM_Huti-white_plot183_r9c15,Huti-white,2,Males_ITC0609_Pahang_r1c11_plot13,ITC0609 Pahang,2018-12-01,,,,,,,,,,
Arusha,NM201812_(136530C2/136392),16NM_ITC1455-MchareMlelembo_plot400_r20c21,ITC1455-Mchare Mlelembo,2,16NM_ITC0712-AAcvRose_plot43_r3c1,ITC0712,2018-12-12,,,,,,,,,,
Arusha,NM201812_(136530C2/136706),16NM_ITC1455-MchareMlelembo_plot400_r20c21,ITC1455-Mchare Mlelembo,2,16NM_ITC0712-AAcvRose_plot85_r5c1,ITC0712,2018-12-13,,,,,,,,,,
Arusha,NM201812_(136536C2/136653),16NM_Huti-white_plot151_r8c18,Huti-white,2,16NM_ITC0609-Pahang_plot210_r10c1,ITC0609 Pahang,2018-12-11,,,,,,,,,,
Arusha,NM201812_(136560C2/136706),16NM_ITC1468-Kahuti_plot86_r5c2,ITC1468,2,16NM_ITC0712-AAcvRose_plot85_r5c1,ITC0712,2018-12-13,,,,,,,,,,
Arusha,NM201812_(136598C2/161503),16NM_ITC1460-IjihuInkundu_plot344_r17c8,ITC1460,2,Males_ITCO712_Cv_Rose_r2c1_plot21,ITC0712 Cv Rose,2018-12-11,2019-01-11,,,,,,,,,
Arusha,NM201812_(136644C2/161503),16NM_ITC1468-Kahuti_plot48_r3c6,ITC1468,2,Males_ITCO712_Cv_Rose_r2c1_plot21,ITC0712 Cv Rose,2018-12-17,,,,,,,,,,
Arusha,NM201812_(136652C2/161584),16NM_ITC1468-Kahuti_plot50_r3c8,ITC1468,2,Males_ITC0609_Pahang_r1c11_plot13,ITC0609 Pahang,2018-12-20,,,,,,,,,,
Arusha,NM201812_(136681C2/161584),16NM_ITC1468-Kahuti_plot75_r4c10,ITC1468,2,Males_ITC0609_Pahang_r1c11_plot13,ITC0609 Pahang,2018-12-05,,,,,,,,,,
Arusha,NM201812_(136691C2/161584),16NM_ITC1460-IjihuInkundu_plot278_r14c17,ITC1460,2,Males_ITC0609_Pahang_r1c11_plot13,ITC0609 Pahang,2018-12-24,,,,,,,,,,
Arusha,NM201812_(152405C1/161554),16NM_Huti-white_plot211r11c1,Huti-white,1,Males__ITC0249_Calcutta4_r1c1_plot1,ITC0249 Calcutta 4,2018-12-11,,,,,,,,,,
Arusha,NM201812_(152650C1/161503),16NM_Huti-white_plot756r36c1,Huti-white,1,Males_ITCO712_Cv_Rose_r2c1_plot21,ITC0712 Cv Rose,2018-12-22,,,,,,,,,,
Arusha,NM201812_(153012C1/161584),16NM_Huti-white_plot714r34c1,Huti-white,1,Males_ITC0609_Pahang_r1c11_plot13,ITC0609 Pahang,2018-12-11,,,,,,,,,,
Arusha,NM201812_(153130C1/161584),16NM_Huti-white_plot19r1c19,Huti-white,1,Males_ITC0609_Pahang_r1c11_plot13,ITC0609 Pahang,2018-12-01,,,,,,,,,,
Arusha,NM201901_(136290C2/161584),16NM_ITC1468-Kahuti_plot102_r5c18,ITC1468,2,Males_ITC0609_Pahang_r1c11_plot13,ITC0609 Pahang,2019-01-08,,,,,,,,,,
Arusha,NM201901_(136299C2/161584),16NM_MchareLaini_plot194_r10c17,Mchare Laini,2,Males_ITC0609_Pahang_r1c11_plot13,ITC0609 Pahang,2019-01-14,,,,,,,,,,
Arusha,NM201901_(136310C2/136706),16NM_ITC1468-Kahuti_plot35_r2c8,ITC1468,2,16NM_ITC0712-AAcvRose_plot85_r5c1,ITC0712,2019-01-08,,,,,,,,,,
Arusha,NM201901_(136332C2/136295),16NM_ITC1455-MchareMlelembo_plot382_r19c4,ITC1455-Mchare Mlelembo,2,16NM_ITC0712-AAcvRose_plot84_r4c1,ITC0712,2019-01-08,,,,,,,,,,
Arusha,NM201901_(136339C2/136706),16NM_ITC1460-IjihuInkundu_plot311_r15c17,ITC1460,2,16NM_ITC0712-AAcvRose_plot85_r5c1,ITC0712,2019-01-08,,,,,,,,,,
Arusha,NM201901_(136353C2/161503),16NM_ITC1455-MchareMlelembo_plot361_r18c18,ITC1455-Mchare Mlelembo,2,Males_ITCO712_Cv_Rose_r2c1_plot21,ITC0712 Cv Rose,2019-01-22,,,,,,,,,,
Arusha,NM201901_(136382C2/161503),16NM_ITC1460-IjihuInkundu_plot355_r17c19,ITC1460,2,Males_ITCO712_Cv_Rose_r2c1_plot21,ITC0712 Cv Rose,2019-01-22,,,,,,,,,,
Arusha,NM201901_(136408C2/161503),16NM_MchareLaini_plot246_r12c7,Mchare Laini,2,Males_ITCO712_Cv_Rose_r2c1_plot21,ITC0712 Cv Rose,2019-01-22,,,,,,,,,,
Arusha,NM201901_(136425C2/161503),16NM_Huti-white_plot152_r8c17,Huti-white,2,Males_ITCO712_Cv_Rose_r2c1_plot21,ITC0712 Cv Rose,2019-01-17,,,,,,,,,,
Arusha,NM201901_(136426C2/161584),16NM_Huti-white_plot189_r9c21,Huti-white,2,Males_ITC0609_Pahang_r1c11_plot13,ITC0609 Pahang,2019-01-07,,,,,,,,,,
Arusha,NM201901_(136432C3/136392),16NM_ITC1455-MchareMlelembo_plot438_r21c18,ITC1455-Mchare Mlelembo,3,16NM_ITC0712-AAcvRose_plot43_r3c1,ITC0712,2019-01-11,,,,,,,,,,
Arusha,NM201901_(136445C2/161584),16NM_ITC1468-Kahuti_plot41_r2c2,ITC1468,2,Males_ITC0609_Pahang_r1c11_plot13,ITC0609 Pahang,2019-01-31,,,,,,,,,,
Arusha,NM201901_(136481C2/161503),16NM_MchareLaini_plot217_r11c7,Mchare Laini,2,Males_ITCO712_Cv_Rose_r2c1_plot21,ITC0712 Cv Rose,2019-01-22,,,,,,,,,,
Arusha,NM201901_(136502C2/161503),16NM_ITC1468-Kahuti_plot94_r5c10,ITC1468,2,Males_ITCO712_Cv_Rose_r2c1_plot21,ITC0712 Cv Rose,2019-01-22,,,,,,,,,,
Arusha,NM201901_(136533C2/136706),16NM_Huti-white_plot109_r6c18,Huti-white,2,16NM_ITC0712-AAcvRose_plot85_r5c1,ITC0712,2019-01-30,,,,,,,,,,
Arusha,NM201901_(136578C2/161503),16NM_MchareLaini_plot228_r11c18,Mchare Laini,2,Males_ITCO712_Cv_Rose_r2c1_plot21,ITC0712 Cv Rose,2019-01-14,,,,,,,,,,
Arusha,NM201901_(136586C2/161584),16NM_MchareLaini_plot191_r10c20,Mchare Laini,2,Males_ITC0609_Pahang_r1c11_plot13,ITC0609 Pahang,2019-01-14,,,,,,,,,,
Arusha,NM201901_(136597C2/136392),16NM_ITC1460-IjihuInkundu_plot352_r17c16,ITC1460,2,16NM_ITC0712-AAcvRose_plot43_r3c1,ITC0712,2019-01-02,,,,,,,,,,
Arusha,NM201901_(136602C2/161477),16NM_MchareLaini_plot251_r12c2,Mchare Laini,2,Males_ITCO712_Cv_Rose_r2c1_plot24,ITC0712 Cv Rose,2019-01-03,,,,,,,,,,
Arusha,NM201901_(136672C2/161503),16NM_ITC1468-Kahuti_plot88_r5c4,ITC1468,2,Males_ITCO712_Cv_Rose_r2c1_plot21,ITC0712 Cv Rose,2019-01-22,,,,,,,,,,
Arusha,NM201901_(136698C2/161506),16NM_MchareLaini_plot245_r12c8,Mchare Laini,2,Males_ITCO712_Cv_Rose_r2c1_plot26,ITC0712 Cv Rose,2019-01-24,,,,,,,,,,
Arusha,NM201901_(152720C1/161503),16NM_Huti-white_plot797r38c2,Huti-white,1,Males_ITCO712_Cv_Rose_r2c1_plot21,ITC0712 Cv Rose,2019-01-29,,,,,,,,,,
Arusha,NM201901_(152744C1/161506),16NM_Huti-white_plot589r29c1,Huti-white,1,Males_ITCO712_Cv_Rose_r2c1_plot26,ITC0712 Cv Rose,2019-01-24,,,,,,,,,,
Arusha,NM201901_(152851C1/161564),16NM_Huti-white_plot776r37c20,Huti-white,1,Males_ITCO712_Cv_Rose_r2c1_plot28,ITC0712 Cv Rose,2019-01-23,,,,,,,,,,
Arusha,NM201901_(152942C1/161461),16NM_Huti-white_plot315r15c21,Huti-white,1,Males_ITC0609_Pahang_r1c11_plot17,ITC0609 Pahang,2019-01-23,,,,,,,,,,
Arusha,NM201901_(153009C1/161584),16NM_Huti-white_plot190r10c21,Huti-white,1,Males_ITC0609_Pahang_r1c11_plot13,ITC0609 Pahang,2019-01-22,,,,,,,,,,
Arusha,NM201901_(153017C1/161564),16NM_Huti-white_plot779r38c20,Huti-white,1,Males_ITCO712_Cv_Rose_r2c1_plot28,ITC0712 Cv Rose,2019-01-23,,,,,,,,,,
Arusha,NM201901_(153020C1/161548),16NM_Huti-white_plot148r8c21,Huti-white,1,Males_ITC0609_Pahang_r1c11_plot19,ITC0609 Pahang,2019-01-24,,,,,,,,,,
Arusha,NM201901_(153023C1/161503),16NM_Huti-white_plot504r24c1,Huti-white,1,Males_ITCO712_Cv_Rose_r2c1_plot21,ITC0712 Cv Rose,2019-01-11,,,,,,,,,,
Arusha,NM201901_(153119C1/161506),16NM_Huti-white_plot547r27c1,Huti-white,1,Males_ITCO712_Cv_Rose_r2c1_plot26,ITC0712 Cv Rose,2019-01-25,,,,,,,,,,
Arusha,NM201901_(153120C1/161503),16NM_Huti-white_plot210r10c1,Huti-white,1,Males_ITCO712_Cv_Rose_r2c1_plot21,ITC0712 Cv Rose,2019-01-15,,,,,,,,,,
Arusha,NM201901_(153162C1/161503),16NM_Huti-white_plot799r39c1,Huti-white,1,Males_ITCO712_Cv_Rose_r2c1_plot21,ITC0712 Cv Rose,2019-01-17,,,,,,,,,,
Arusha,NM201901_(153163C1/161548),16NM_Huti-white_plot105r5c21,Huti-white,1,Males_ITC0609_Pahang_r1c11_plot19,ITC0609 Pahang,2019-01-15,,,,,,,,,,
Arusha,NM201902_(136412C2/161412),16NM_ITC1455-MchareMlelembo_plot440_r21c20,ITC1455-Mchare Mlelembo,2,Males_ITC0609_Pahang_r1c11_plot18,ITC0609 Pahang,2019-02-12,,,,,,,,,,
Arusha,NM201902_(136467C2/161477),16NM_ITC1468-Kahuti_plot100_r5c16,ITC1468,2,Males_ITCO712_Cv_Rose_r2c1_plot24,ITC0712 Cv Rose,2019-02-14,,,,,,,,,,
Arusha,NM201902_(136485C2/161503),16NM_Huti-white_plot143_r7c17,Huti-white,2,Males_ITCO712_Cv_Rose_r2c1_plot21,ITC0712 Cv Rose,2019-02-07,,,,,,,,,,
Arusha,NM201902_(136499C2/161584),16NM_ITC1468-Kahuti_plot36_r2c7,ITC1468,2,Males_ITC0609_Pahang_r1c11_plot13,ITC0609 Pahang,2019-02-07,,,,,,,,,,
Arusha,NM201902_(136533C3/136490),16NM_Huti-white_plot109_r6c18,Huti-white,3,16NM_ITC0712-AAcvRose_plot42_r2c1,ITC0712,2019-02-01,,,,,,,,,,
Arusha,NM201902_(136562C2/161584),16NM_ITC1455-MchareMlelembo_plot371_r18c8,ITC1455-Mchare Mlelembo,2,Males_ITC0609_Pahang_r1c11_plot13,ITC0609 Pahang,2019-02-07,,,,,,,,,,
Arusha,NM201902_(136582C3/161477),16NM_ITC1468-Kahuti_plot69_r4c16,ITC1468,3,Males_ITCO712_Cv_Rose_r2c1_plot24,ITC0712 Cv Rose,2019-02-14,,,,,,,,,,
Arusha,NM201902_(152376C1/161582),16NM_Huti-white_plot798r38c1,Huti-white,1,Males_ITCO712_Cv_Rose_r2c1_plot22,ITC0712 Cv Rose,2019-02-12,,,,,,,,,,
Arusha,NM201902_(152427C1/161477),16NM_Huti-white_plot758r37c2,Huti-white,1,Males_ITCO712_Cv_Rose_r2c1_plot24,ITC0712 Cv Rose,2019-02-14,,,,,,,,,,
Arusha,NM201902_(152457C1/161477),16NM_Huti-white_plot716r35c2,Huti-white,1,Males_ITCO712_Cv_Rose_r2c1_plot24,ITC0712 Cv Rose,2019-02-14,,,,,,,,,,
Arusha,NM201902_(152491C1/161503),16NM_Huti-white_plot379r19c1,Huti-white,1,Males_ITCO712_Cv_Rose_r2c1_plot21,ITC0712 Cv Rose,2019-02-01,,,,,,,,,,
Arusha,NM201902_(152499C1/161582),16NM_Huti-white_plot295r15c1,Huti-white,1,Males_ITCO712_Cv_Rose_r2c1_plot22,ITC0712 Cv Rose,2019-02-12,,,,,,,,,,
Arusha,NM201902_(152513C1/161582),16NM_Huti-white_plot64r4c21,Huti-white,1,Males_ITCO712_Cv_Rose_r2c1_plot22,ITC0712 Cv Rose,2019-02-12,,,,,,,,,,
Arusha,NM201902_(152727C1/161584),16NM_Huti-white_plot274r14c21,Huti-white,1,Males_ITC0609_Pahang_r1c11_plot13,ITC0609 Pahang,2019-02-01,,,,,,,,,,
Arusha,NM201902_(152842C1/161541),16NM_Huti-white_plot273r13c21,Huti-white,1,Males_ITC0609_Pahang_r1c11_plot12,ITC0609 Pahang,2019-02-15,,,,,,,,,,
Arusha,NM201902_(152850C1/161477),16NM_Huti-white_plot819r39c21,Huti-white,1,Males_ITCO712_Cv_Rose_r2c1_plot24,ITC0712 Cv Rose,2019-02-13,,,,,,,,,,
Arusha,NM201902_(152995C1/161503),16NM_Huti-white_plot546r26c1,Huti-white,1,Males_ITCO712_Cv_Rose_r2c1_plot21,ITC0712 Cv Rose,2019-02-01,,,,,,,,,,
